[robodojo eval] policy_dir=/root/rivermind-data/RoboDojo/XPolicyLab/policy/demo_policy
[robodojo eval] task=stack_bowls env_cfg=arx_x5 eval_num=1
[33m[INFO] Using socket port: 54025[0m
[MAIN] start server, policy_server_port=54025
[34m[1m[CONNECTING][0m Policy server -> localhost:54025 (PID=112339, timeout=600s)
[SERVER] policy=demo_policy, task=stack_bowls, policy_server_port=54025
[32m[1m[CONNECTED][0m Policy server ready on localhost:54025 (PID=112339)
[MAIN] start client, server=localhost:54025
[CLIENT] policy=demo_policy, task=stack_bowls, server=localhost:54025
[CLIENT] EVAL_ENV_TYPE=(default sim) -> sim
[34m[CLIENT] Activating Conda environment: isaaclab[0m
[34m[CLIENT] Connecting to server localhost:54025...[0m
[34m[CLIENT] Watch for green [CONNECTED]; yellow [RECONNECT] means the client is retrying.[0m
[INFO] PYTHONPATH=/root/rivermind-data/RoboDojo:/root/rivermind-data/RoboDojo/XPolicyLab:
[INFO] policy transport = WebSocket (protocol: ws)
[INFO] policy_server_url = ws://localhost:54025
[INFO] device_id = 0 → CUDA_VISIBLE_DEVICES=0
[INFO] eval_batch     = false
[INFO] render_interval = 10
[INFO] num_envs        = 10
[eval_policy] ROBODOJO_RUN_ID=2026-10-08_21-13-50
[main] PhysX monitor enabled=False (task=stack_bowls)
[INFO][AppLauncher]: Using device: cuda:0
[INFO][AppLauncher]: Loading experience file: /root/IsaacLab-v2.3.2/apps/isaaclab.python.headless.rendering.kit
Loading user config located at: '/opt/conda/envs/isaaclab/lib/python3.11/site-packages/isaacsim/kit/data/Kit/Isaac-Sim/5.1/user.config.json'
[Info] [carb] Logging to file: /opt/conda/envs/isaaclab/lib/python3.11/site-packages/isaacsim/kit/logs/Kit/Isaac-Sim/5.1/kit_20261008_211350.log
2026-10-08T13:13:50Z [278ms] [Warning] [carb.windowing-glfw.plugin] GLFW initialization failed.
2026-10-08T13:13:50Z [278ms] [Warning] [carb] Failed to startup plugin carb.windowing-glfw.plugin (interfaces: [carb::windowing::IGLContext v1.0],[carb::windowing::IWindowing v1.5]) (impl: carb.windowing-glfw.plugin)
2026-10-08T13:13:52Z [1,951ms] [Warning] [omni.platforminfo.plugin] failed to open the default display.  Can't verify X Server version.
2026-10-08T13:13:52Z [1,953ms] [Warning] [carb.cudainterop.plugin] CUDA_VISIBLE_DEVICES environment variable is set.
2026-10-08T13:13:52Z [1,964ms] [Warning] [carb.cudainterop.plugin] Note CUDA device enumeration and Omniverse device enumeration are different.
2026-10-08T13:13:52Z [1,964ms] [Warning] [carb.cudainterop.plugin] Setting CUDA_VISIBLE_DEVICES can lead to undesired behavior or crashes.

|---------------------------------------------------------------------------------------------|
| Driver Version: 580.119.02    | Graphics API: Vulkan
|=============================================================================================|
| GPU | Name                             | Active | LDA | GPU Memory | Vendor-ID | LUID       |
|     |                                  |        |     |            | Device-ID | UUID       |
|     |                                  |        |     |            | Bus-ID    |            |
|---------------------------------------------------------------------------------------------|
| 0   | NVIDIA GeForce RTX 3090          | Yes: 0 |     | 24822   MB | 10de      | 0          |
|     |                                  |        |     |            | 2204      | 08b84fe3.. |
|     |                                  |        |     |            | c1        |            |
|=============================================================================================|
| OS: 24.04.1 LTS (Noble Numbat) ubuntu, Version: 24.04.1, Kernel: 5.15.0-161-generic
| Processor: AMD EPYC 7742 64-Core Processor
| Bare Metal Cores: 128 | Bare Metal Logical Cores: 256
| Core Usage Quota: 20
|---------------------------------------------------------------------------------------------|
| Total Memory (MB): 102400 | Free Memory: 98426
| Total Page/Swap (MB): 0 | Free Page/Swap: 0
|---------------------------------------------------------------------------------------------|
2026-10-08T13:13:53Z [3,153ms] [Warning] [gpu.foundation.plugin] IOMMU is enabled.
2026-10-08T13:13:54Z [4,415ms] [Warning] [carb.windowing-glfw.plugin] GLFW initialization failed.
2026-10-08T13:13:54Z [4,415ms] [Warning] [carb] Failed to startup plugin carb.windowing-glfw.plugin (interfaces: [carb::windowing::IGLContext v1.0],[carb::windowing::IWindowing v1.5]) (impl: carb.windowing-glfw.plugin)
2026-10-08T13:13:54Z [4,441ms] [Warning] [carb.windowing-glfw.plugin] GLFW initialization failed.
2026-10-08T13:13:54Z [4,441ms] [Warning] [carb] Failed to startup plugin carb.windowing-glfw.plugin (interfaces: [carb::windowing::IGLContext v1.0],[carb::windowing::IWindowing v1.5]) (impl: carb.windowing-glfw.plugin)
2026-10-08T13:13:54Z [4,452ms] [Warning] [carb.windowing-glfw.plugin] GLFW initialization failed.
2026-10-08T13:13:54Z [4,452ms] [Warning] [carb] Failed to startup plugin carb.windowing-glfw.plugin (interfaces: [carb::windowing::IGLContext v1.0],[carb::windowing::IWindowing v1.5]) (impl: carb.windowing-glfw.plugin)
2026-10-08T13:13:54Z [4,464ms] [Warning] [carb.windowing-glfw.plugin] GLFW initialization failed.
2026-10-08T13:13:54Z [4,464ms] [Warning] [carb] Failed to startup plugin carb.windowing-glfw.plugin (interfaces: [carb::windowing::IGLContext v1.0],[carb::windowing::IWindowing v1.5]) (impl: carb.windowing-glfw.plugin)
2026-10-08T13:13:54Z [4,465ms] [Warning] [carb.windowing-glfw.plugin] GLFW initialization failed.
2026-10-08T13:13:54Z [4,465ms] [Warning] [carb] Failed to startup plugin carb.windowing-glfw.plugin (interfaces: [carb::windowing::IGLContext v1.0],[carb::windowing::IWindowing v1.5]) (impl: carb.windowing-glfw.plugin)
2026-10-08T13:13:54Z [4,466ms] [Warning] [carb.windowing-glfw.plugin] GLFW initialization failed.
2026-10-08T13:13:54Z [4,466ms] [Warning] [carb] Failed to startup plugin carb.windowing-glfw.plugin (interfaces: [carb::windowing::IGLContext v1.0],[carb::windowing::IWindowing v1.5]) (impl: carb.windowing-glfw.plugin)
2026-10-08T13:13:55Z [5,236ms] [Warning] [omni.log] Source: omni.hydra was already registered.
2026-10-08T13:13:55Z [5,468ms] [Warning] [carb] Acquiring non optional plugin interface which is not listed as dependency: [omni::physx::IPhysxBenchmarks v1.0] (plugin: <default plugin>), by client: omni.physics.physx.plugin. Add it to CARB_PLUGIN_IMPL_DEPS() macro of a client.
2026-10-08T13:13:56Z [5,853ms] [Warning] [omni.isaac.dynamic_control] omni.isaac.dynamic_control is deprecated as of Isaac Sim 4.5. No action is needed from end-users.
2026-10-08T13:13:59Z [9,235ms] [Warning] [pxr.Semantics] pxr.Semantics is deprecated - please use Semantics instead
2026-10-08T13:13:59Z [9,668ms] [Warning] [omni.graph.core.plugin] Found duplicate of category 'Replicator' - was 'Annotators', adding 'Fabric Reader'
2026-10-08T13:13:59Z [9,668ms] [Warning] [omni.graph.core.plugin] Category 'Replicator' not accepted on node type 'omni.replicator.core.FabricReader' in extension 'omni.replicator.core'
2026-10-08T13:13:59Z [9,671ms] [Warning] [omni.replicator.core.scripts.extension] No material configuration file, adding configuration to material settings directly.
2026-10-08T13:14:06Z [16,493ms] [Warning] [omni.fabric.plugin] Warning: attribute viewportHandle not found for bucket id 9

[main] eval_batch=false in XPolicyLab/policy/demo_policy/deploy.yml; forcing num_envs 10 -> 1
[34m[1m[CONNECTING][0m websocket policy server ws://localhost:54025 (attempt 1/180, timeout=30s)
[32m[1m[CONNECTED][0m websocket policy server connected: ws://localhost:54025
[INFO]: Parsing configuration from: env.environment.isaac.isaac_rl_env:IsaacRLEnvCfg

[36m======================================================================================[0m
[36m[1m[INFO][IsaacLab]: Logging to file: /tmp/isaaclab/logs/isaaclab_2026-10-08_21-14-45.log[0m
[36m======================================================================================[0m

[33m21:14:45 [simulation_context.py] WARNING: The `enable_external_forces_every_iteration` parameter in the PhysxCfg is set to False. If you are experiencing noisy velocities, consider enabling this flag. You may need to slightly increase the number of velocity iterations (setting it to 1 or 2 rather than 0), together with this flag, to improve the accuracy of velocity updates.[0m
[INFO]: Base environment:
	Environment device    : cpu
	Environment seed      : 0
	Physics step-size     : 0.004
	Rendering step-size   : 0.04
	Environment step-size : 0.004
2026-10-08T13:14:46Z [55,886ms] [Warning] [env.scene_manager.objects.background] `/omni/replicator/RTSubframes` must be > 3 to avoid blank textures while randomizing dome light texture. RTSubframes has been automatically increased from None to 3
2026-10-08T13:14:46Z [55,989ms] [Warning] [isaacsim.sensors.camera.camera] 'verticalAperture' (1.5290800094604493) and 'horizontalAperture' (2.0954999923706055) are inconsistent with the pixel resolution aspect ratio (1.3333333333333333). Setting 'verticalAperture' to 1.571624994277954 to ensure square pixels.
2026-10-08T13:14:46Z [56,006ms] [Warning] [isaacsim.sensors.camera.camera] 'verticalAperture' (1.5290800094604493) and 'horizontalAperture' (2.0954999923706055) are inconsistent with the pixel resolution aspect ratio (1.3333333333333333). Setting 'verticalAperture' to 1.571624994277954 to ensure square pixels.
2026-10-08T13:14:46Z [56,017ms] [Warning] [isaacsim.sensors.camera.camera] 'verticalAperture' (1.5290800094604493) and 'horizontalAperture' (2.0954999923706055) are inconsistent with the pixel resolution aspect ratio (1.3333333333333333). Setting 'verticalAperture' to 1.571624994277954 to ensure square pixels.
[INFO]: Time taken for scene creation : 0.464523 seconds
[INFO]: Scene manager:  <class InteractiveScene>
	Number of environments: 1
	Environment spacing   : 7
	Source prim name      : /World/envs/env_0
	Global prim paths     : []
	Replicate physics     : False
[INFO]: Starting the simulation. This may take a few seconds. Please wait...
2026-10-08T13:14:46Z [56,033ms] [Warning] [omni.usd] Warning: in _ReportErrors at line 3172 of /builds/omniverse/usd-ci/USD/pxr/usd/usd/stage.cpp -- In </World/envs/env_0/robot0/camera/visuals/camera/World/mesh.material:binding>: The relationship target </OmniKit_Viewport_LightRig/Looks/Ground_Material> from </X5A/camera/visuals/camera/World/mesh.material:binding> in layer @/root/rivermind-data/RoboDojo/Assets/Robots/x5/ARX.usd@ refers to a path outside the scope of the reference from </World/envs/env_0/robot0>.  Ignoring. (getting targets for relationship </World/envs/env_0/robot0/camera/visuals/camera/World/mesh.material:binding> on stage @anon:0x55bc2e3f12d0:World0.usd@ <0x55bc2c2a2ad0>)

2026-10-08T13:14:46Z [56,040ms] [Warning] [omni.usd] Warning: in _ReportErrors at line 3172 of /builds/omniverse/usd-ci/USD/pxr/usd/usd/stage.cpp -- In </World/envs/env_0/robot1/camera/visuals/camera/World/mesh.material:binding>: The relationship target </OmniKit_Viewport_LightRig/Looks/Ground_Material> from </X5A/camera/visuals/camera/World/mesh.material:binding> in layer @/root/rivermind-data/RoboDojo/Assets/Robots/x5/ARX.usd@ refers to a path outside the scope of the reference from </World/envs/env_0/robot1>.  Ignoring. (getting targets for relationship </World/envs/env_0/robot1/camera/visuals/camera/World/mesh.material:binding> on stage @anon:0x55bc2e3f12d0:World0.usd@ <0x55bc2c2a2ad0>)

2026-10-08T13:14:48Z [58,287ms] [Warning] [omni.usd] Warning: in _ReportErrors at line 3172 of /builds/omniverse/usd-ci/USD/pxr/usd/usd/stage.cpp -- In </World/envs/env_0/robot0/camera/visuals/camera/World/mesh.material:binding>: The relationship target </OmniKit_Viewport_LightRig/Looks/Ground_Material> from </X5A/camera/visuals/camera/World/mesh.material:binding> in layer @/root/rivermind-data/RoboDojo/Assets/Robots/x5/ARX.usd@ refers to a path outside the scope of the reference from </World/envs/env_0/robot0>.  Ignoring. (getting targets for relationship </World/envs/env_0/robot0/camera/visuals/camera/World/mesh.material:binding> on stage @anon:0x55bc2e3f12d0:World0.usd@ <0x55bc2c2a2ad0>)

2026-10-08T13:14:48Z [58,288ms] [Warning] [omni.usd] Warning: in _ReportErrors at line 3172 of /builds/omniverse/usd-ci/USD/pxr/usd/usd/stage.cpp -- In </World/envs/env_0/robot1/camera/visuals/camera/World/mesh.material:binding>: The relationship target </OmniKit_Viewport_LightRig/Looks/Ground_Material> from </X5A/camera/visuals/camera/World/mesh.material:binding> in layer @/root/rivermind-data/RoboDojo/Assets/Robots/x5/ARX.usd@ refers to a path outside the scope of the reference from </World/envs/env_0/robot1>.  Ignoring. (getting targets for relationship </World/envs/env_0/robot1/camera/visuals/camera/World/mesh.material:binding> on stage @anon:0x55bc2e3f12d0:World0.usd@ <0x55bc2c2a2ad0>)

2026-10-08T13:14:48Z [58,293ms] [Warning] [omni.usd] Warning (secondary thread): in _ReportErrors at line 3172 of /builds/omniverse/usd-ci/USD/pxr/usd/usd/stage.cpp -- In </World/envs/env_0/robot0/camera/visuals/camera/World/mesh.material:binding>: The relationship target </OmniKit_Viewport_LightRig/Looks/Ground_Material> from </X5A/camera/visuals/camera/World/mesh.material:binding> in layer @/root/rivermind-data/RoboDojo/Assets/Robots/x5/ARX.usd@ refers to a path outside the scope of the reference from </World/envs/env_0/robot0>.  Ignoring. (getting targets for relationship </World/envs/env_0/robot0/camera/visuals/camera/World/mesh.material:binding> on stage @anon:0x55bc2e3f12d0:World0.usd@ <0x55bc2c2a2ad0>)

2026-10-08T13:14:48Z [58,294ms] [Warning] [omni.usd] Warning (secondary thread): in _ReportErrors at line 3172 of /builds/omniverse/usd-ci/USD/pxr/usd/usd/stage.cpp -- In </World/envs/env_0/robot0/link3/visuals/link3/node_STL_BINARY_/mesh.material:binding>: The relationship target </Flattened_Prototype_9/camera/World/Looks/ID10> from </X5A/link3/visuals/link3/node_STL_BINARY_/mesh.material:binding> in layer @/root/rivermind-data/RoboDojo/Assets/Robots/x5/ARX.usd@ refers to a path outside the scope of the reference from </World/envs/env_0/robot0>.  Ignoring. (getting targets for relationship </World/envs/env_0/robot0/link3/visuals/link3/node_STL_BINARY_/mesh.material:binding> on stage @anon:0x55bc2e3f12d0:World0.usd@ <0x55bc2c2a2ad0>)

2026-10-08T13:14:48Z [58,294ms] [Warning] [omni.usd] Warning (secondary thread): in _ReportErrors at line 3172 of /builds/omniverse/usd-ci/USD/pxr/usd/usd/stage.cpp -- In </World/envs/env_0/robot1/camera/visuals/camera/World/mesh.material:binding>: The relationship target </OmniKit_Viewport_LightRig/Looks/Ground_Material> from </X5A/camera/visuals/camera/World/mesh.material:binding> in layer @/root/rivermind-data/RoboDojo/Assets/Robots/x5/ARX.usd@ refers to a path outside the scope of the reference from </World/envs/env_0/robot1>.  Ignoring. (getting targets for relationship </World/envs/env_0/robot1/camera/visuals/camera/World/mesh.material:binding> on stage @anon:0x55bc2e3f12d0:World0.usd@ <0x55bc2c2a2ad0>)

2026-10-08T13:14:48Z [58,295ms] [Warning] [omni.usd] Warning (secondary thread): in _ReportErrors at line 3172 of /builds/omniverse/usd-ci/USD/pxr/usd/usd/stage.cpp -- In </World/envs/env_0/robot1/link3/visuals/link3/node_STL_BINARY_/mesh.material:binding>: The relationship target </Flattened_Prototype_9/camera/World/Looks/ID10> from </X5A/link3/visuals/link3/node_STL_BINARY_/mesh.material:binding> in layer @/root/rivermind-data/RoboDojo/Assets/Robots/x5/ARX.usd@ refers to a path outside the scope of the reference from </World/envs/env_0/robot1>.  Ignoring. (getting targets for relationship </World/envs/env_0/robot1/link3/visuals/link3/node_STL_BINARY_/mesh.material:binding> on stage @anon:0x55bc2e3f12d0:World0.usd@ <0x55bc2c2a2ad0>)

[INFO]: Time taken for simulation start : 2.502960 seconds
[INFO]: Completed setting up the environment...
[INFO] Resetting all environments
2026-10-08T13:15:04Z [73,885ms] [Warning] [omni.fabric.plugin] USD->Fabric: Unhandled array type string[]
2026-10-08T13:15:17Z [87,100ms] [Warning] [rtx.neuraylib.plugin] [MDLC:COMPILER]   1.0   MDLC   comp warn : file:/root/rivermind-data/RoboDojo/Assets/Material/material_0122/Mahogany_Planks.mdl(49,24): C302 conversion from 'float' to 'float2' must be explicit
2026-10-08T13:15:17Z [87,100ms] [Warning] [rtx.neuraylib.plugin] [MDLC:COMPILER]   1.0   MDLC   comp warn : file:/root/rivermind-data/RoboDojo/Assets/Material/material_0122/Mahogany_Planks.mdl(51,20): C302 conversion from 'float' to 'float2' must be explicit
2026-10-08T13:15:17Z [87,100ms] [Warning] [rtx.neuraylib.plugin] [MDLC:COMPILER]   1.0   MDLC   comp warn : file:/root/rivermind-data/RoboDojo/Assets/Material/material_0122/Mahogany_Planks.mdl(52,31): C302 conversion from 'float' to 'float2' must be explicit
2026-10-08T13:15:17Z [87,100ms] [Warning] [rtx.neuraylib.plugin] [MDLC:COMPILER]   1.0   MDLC   comp warn : file:/root/rivermind-data/RoboDojo/Assets/Material/material_0122/Mahogany_Planks.mdl(54,27): C302 conversion from 'float' to 'float2' must be explicit
[render_sync] zero-delay Kit settings active; one delivered frame per capture.
2026-10-08T13:16:11Z [140,934ms] [Warning] [carb] Client gpu.foundation.plugin has acquired [gpu::unstable::IMemoryBudgetManagerFactory v0.1] 100 times. Consider accessing this interface with carb::getCachedInterface() (Performance warning)
[Eval] unhandled exception during reset/run_eval: FileNotFoundError: [Errno 2] No such file or directory: 'ffmpeg'
Traceback (most recent call last):
  File "/root/rivermind-data/RoboDojo/src/eval_client/main.py", line 360, in main
    env.run_eval()
  File "/root/rivermind-data/RoboDojo/src/eval_client/eval_env.py", line 783, in run_eval
    self.eval_one_episode()
  File "/root/rivermind-data/RoboDojo/src/eval_client/eval_env.py", line 310, in eval_one_episode
    eval_module.eval_one_episode(TASK_ENV=self, model_client=self.model_client)
  File "/root/rivermind-data/RoboDojo/XPolicyLab/policy/demo_policy/deploy.py", line 6, in eval_one_episode
    obs = TASK_ENV.get_obs() # Get Observation
          ^^^^^^^^^^^^^^^^^^
  File "/root/rivermind-data/RoboDojo/src/eval_client/eval_env.py", line 267, in get_obs
    return self.get_obs_batch(env_idx_list=[0])[0]
           ^^^^^^^^^^^^^^^^^^^^^^^^^^^^^^^^^^^^
  File "/root/rivermind-data/RoboDojo/src/eval_client/eval_env.py", line 281, in get_obs_batch
    self._stream_vision(env_idx, data[env_idx])
  File "/root/rivermind-data/RoboDojo/src/eval_client/eval_env.py", line 894, in _stream_vision
    writers[cam_key] = VideoStreamWriter(tmp_path, height, width, channels, fps=fps)
                       ^^^^^^^^^^^^^^^^^^^^^^^^^^^^^^^^^^^^^^^^^^^^^^^^^^^^^^^^^^^^^
  File "/root/rivermind-data/RoboDojo/utils/save_file.py", line 55, in __init__
    self.proc = subprocess.Popen(
                ^^^^^^^^^^^^^^^^^
  File "/opt/conda/envs/isaaclab/lib/python3.11/subprocess.py", line 1026, in __init__
    self._execute_child(args, executable, preexec_fn, close_fds,
  File "/opt/conda/envs/isaaclab/lib/python3.11/subprocess.py", line 1955, in _execute_child
    raise child_exception_type(errno_num, err_msg, err_filename)
FileNotFoundError: [Errno 2] No such file or directory: 'ffmpeg'
Success nums: 0, Fail nums: 0, Unstable nums: 0
[INFO]: Parsing configuration from: env.environment.isaac.isaac_rl_env:IsaacRLEnvCfg

[36m======================================================================================[0m
[36m[1m[INFO][IsaacLab]: Logging to file: /tmp/isaaclab/logs/isaaclab_2026-10-08_21-16-13.log[0m
[36m======================================================================================[0m

[33m21:16:13 [simulation_context.py] WARNING: The `enable_external_forces_every_iteration` parameter in the PhysxCfg is set to False. If you are experiencing noisy velocities, consider enabling this flag. You may need to slightly increase the number of velocity iterations (setting it to 1 or 2 rather than 0), together with this flag, to improve the accuracy of velocity updates.[0m
[INFO]: Base environment:
	Environment device    : cpu
	Environment seed      : 1
	Physics step-size     : 0.004
	Rendering step-size   : 0.04
	Environment step-size : 0.004
2026-10-08T13:16:13Z [143,321ms] [Warning] [isaacsim.sensors.camera.camera] 'verticalAperture' (1.5290800094604493) and 'horizontalAperture' (2.0954999923706055) are inconsistent with the pixel resolution aspect ratio (1.3333333333333333). Setting 'verticalAperture' to 1.571624994277954 to ensure square pixels.
2026-10-08T13:16:13Z [143,331ms] [Warning] [isaacsim.sensors.camera.camera] 'verticalAperture' (1.5290800094604493) and 'horizontalAperture' (2.0954999923706055) are inconsistent with the pixel resolution aspect ratio (1.3333333333333333). Setting 'verticalAperture' to 1.571624994277954 to ensure square pixels.
2026-10-08T13:16:13Z [143,342ms] [Warning] [isaacsim.sensors.camera.camera] 'verticalAperture' (1.5290800094604493) and 'horizontalAperture' (2.0954999923706055) are inconsistent with the pixel resolution aspect ratio (1.3333333333333333). Setting 'verticalAperture' to 1.571624994277954 to ensure square pixels.
[INFO]: Time taken for scene creation : 0.388948 seconds
[INFO]: Scene manager:  <class InteractiveScene>
	Number of environments: 1
	Environment spacing   : 7
	Source prim name      : /World/envs/env_0
	Global prim paths     : []
	Replicate physics     : False
[INFO]: Starting the simulation. This may take a few seconds. Please wait...
2026-10-08T13:16:13Z [143,356ms] [Warning] [omni.usd] Warning: in _ReportErrors at line 3172 of /builds/omniverse/usd-ci/USD/pxr/usd/usd/stage.cpp -- In </World/envs/env_0/robot0/camera/visuals/camera/World/mesh.material:binding>: The relationship target </OmniKit_Viewport_LightRig/Looks/Ground_Material> from </X5A/camera/visuals/camera/World/mesh.material:binding> in layer @/root/rivermind-data/RoboDojo/Assets/Robots/x5/ARX.usd@ refers to a path outside the scope of the reference from </World/envs/env_0/robot0>.  Ignoring. (getting targets for relationship </World/envs/env_0/robot0/camera/visuals/camera/World/mesh.material:binding> on stage @anon:0x7f29c7302920:World1.usd@ <0x55bc6ca4a030>)

2026-10-08T13:16:13Z [143,363ms] [Warning] [omni.usd] Warning: in _ReportErrors at line 3172 of /builds/omniverse/usd-ci/USD/pxr/usd/usd/stage.cpp -- In </World/envs/env_0/robot1/camera/visuals/camera/World/mesh.material:binding>: The relationship target </OmniKit_Viewport_LightRig/Looks/Ground_Material> from </X5A/camera/visuals/camera/World/mesh.material:binding> in layer @/root/rivermind-data/RoboDojo/Assets/Robots/x5/ARX.usd@ refers to a path outside the scope of the reference from </World/envs/env_0/robot1>.  Ignoring. (getting targets for relationship </World/envs/env_0/robot1/camera/visuals/camera/World/mesh.material:binding> on stage @anon:0x7f29c7302920:World1.usd@ <0x55bc6ca4a030>)

2026-10-08T13:16:14Z [144,199ms] [Warning] [omni.usd] Warning: in _ReportErrors at line 3172 of /builds/omniverse/usd-ci/USD/pxr/usd/usd/stage.cpp -- In </World/envs/env_0/robot0/camera/visuals/camera/World/mesh.material:binding>: The relationship target </OmniKit_Viewport_LightRig/Looks/Ground_Material> from </X5A/camera/visuals/camera/World/mesh.material:binding> in layer @/root/rivermind-data/RoboDojo/Assets/Robots/x5/ARX.usd@ refers to a path outside the scope of the reference from </World/envs/env_0/robot0>.  Ignoring. (getting targets for relationship </World/envs/env_0/robot0/camera/visuals/camera/World/mesh.material:binding> on stage @anon:0x7f29c7302920:World1.usd@ <0x55bc6ca4a030>)

2026-10-08T13:16:14Z [144,200ms] [Warning] [omni.usd] Warning: in _ReportErrors at line 3172 of /builds/omniverse/usd-ci/USD/pxr/usd/usd/stage.cpp -- In </World/envs/env_0/robot1/camera/visuals/camera/World/mesh.material:binding>: The relationship target </OmniKit_Viewport_LightRig/Looks/Ground_Material> from </X5A/camera/visuals/camera/World/mesh.material:binding> in layer @/root/rivermind-data/RoboDojo/Assets/Robots/x5/ARX.usd@ refers to a path outside the scope of the reference from </World/envs/env_0/robot1>.  Ignoring. (getting targets for relationship </World/envs/env_0/robot1/camera/visuals/camera/World/mesh.material:binding> on stage @anon:0x7f29c7302920:World1.usd@ <0x55bc6ca4a030>)

2026-10-08T13:16:14Z [144,204ms] [Warning] [omni.usd] Warning (secondary thread): in _ReportErrors at line 3172 of /builds/omniverse/usd-ci/USD/pxr/usd/usd/stage.cpp -- In </World/envs/env_0/robot1/link3/visuals/link3/node_STL_BINARY_/mesh.material:binding>: The relationship target </Flattened_Prototype_9/camera/World/Looks/ID10> from </X5A/link3/visuals/link3/node_STL_BINARY_/mesh.material:binding> in layer @/root/rivermind-data/RoboDojo/Assets/Robots/x5/ARX.usd@ refers to a path outside the scope of the reference from </World/envs/env_0/robot1>.  Ignoring. (getting targets for relationship </World/envs/env_0/robot1/link3/visuals/link3/node_STL_BINARY_/mesh.material:binding> on stage @anon:0x7f29c7302920:World1.usd@ <0x55bc6ca4a030>)

2026-10-08T13:16:14Z [144,205ms] [Warning] [omni.usd] Warning (secondary thread): in _ReportErrors at line 3172 of /builds/omniverse/usd-ci/USD/pxr/usd/usd/stage.cpp -- In </World/envs/env_0/robot1/camera/visuals/camera/World/mesh.material:binding>: The relationship target </OmniKit_Viewport_LightRig/Looks/Ground_Material> from </X5A/camera/visuals/camera/World/mesh.material:binding> in layer @/root/rivermind-data/RoboDojo/Assets/Robots/x5/ARX.usd@ refers to a path outside the scope of the reference from </World/envs/env_0/robot1>.  Ignoring. (getting targets for relationship </World/envs/env_0/robot1/camera/visuals/camera/World/mesh.material:binding> on stage @anon:0x7f29c7302920:World1.usd@ <0x55bc6ca4a030>)

2026-10-08T13:16:14Z [144,206ms] [Warning] [omni.usd] Warning (secondary thread): in _ReportErrors at line 3172 of /builds/omniverse/usd-ci/USD/pxr/usd/usd/stage.cpp -- In </World/envs/env_0/robot0/link3/visuals/link3/node_STL_BINARY_/mesh.material:binding>: The relationship target </Flattened_Prototype_9/camera/World/Looks/ID10> from </X5A/link3/visuals/link3/node_STL_BINARY_/mesh.material:binding> in layer @/root/rivermind-data/RoboDojo/Assets/Robots/x5/ARX.usd@ refers to a path outside the scope of the reference from </World/envs/env_0/robot0>.  Ignoring. (getting targets for relationship </World/envs/env_0/robot0/link3/visuals/link3/node_STL_BINARY_/mesh.material:binding> on stage @anon:0x7f29c7302920:World1.usd@ <0x55bc6ca4a030>)

2026-10-08T13:16:14Z [144,208ms] [Warning] [omni.usd] Warning (secondary thread): in _ReportErrors at line 3172 of /builds/omniverse/usd-ci/USD/pxr/usd/usd/stage.cpp -- In </World/envs/env_0/robot0/camera/visuals/camera/World/mesh.material:binding>: The relationship target </OmniKit_Viewport_LightRig/Looks/Ground_Material> from </X5A/camera/visuals/camera/World/mesh.material:binding> in layer @/root/rivermind-data/RoboDojo/Assets/Robots/x5/ARX.usd@ refers to a path outside the scope of the reference from </World/envs/env_0/robot0>.  Ignoring. (getting targets for relationship </World/envs/env_0/robot0/camera/visuals/camera/World/mesh.material:binding> on stage @anon:0x7f29c7302920:World1.usd@ <0x55bc6ca4a030>)

[INFO]: Time taken for simulation start : 0.968418 seconds
[INFO]: Completed setting up the environment...
[INFO] Resetting all environments
2026-10-08T13:16:21Z [150,862ms] [Warning] [carb] Client omni.hydratexture.plugin has acquired [carb::settings::ISettings v1.0] 100 times. Consider accessing this interface with carb::getCachedInterface() (Performance warning)
[Eval] unhandled exception during reset/run_eval: FileNotFoundError: [Errno 2] No such file or directory: 'ffmpeg'
Traceback (most recent call last):
  File "/root/rivermind-data/RoboDojo/src/eval_client/main.py", line 360, in main
    env.run_eval()
  File "/root/rivermind-data/RoboDojo/src/eval_client/eval_env.py", line 783, in run_eval
    self.eval_one_episode()
  File "/root/rivermind-data/RoboDojo/src/eval_client/eval_env.py", line 310, in eval_one_episode
    eval_module.eval_one_episode(TASK_ENV=self, model_client=self.model_client)
  File "/root/rivermind-data/RoboDojo/XPolicyLab/policy/demo_policy/deploy.py", line 6, in eval_one_episode
    obs = TASK_ENV.get_obs() # Get Observation
          ^^^^^^^^^^^^^^^^^^
  File "/root/rivermind-data/RoboDojo/src/eval_client/eval_env.py", line 267, in get_obs
    return self.get_obs_batch(env_idx_list=[0])[0]
           ^^^^^^^^^^^^^^^^^^^^^^^^^^^^^^^^^^^^
  File "/root/rivermind-data/RoboDojo/src/eval_client/eval_env.py", line 281, in get_obs_batch
    self._stream_vision(env_idx, data[env_idx])
  File "/root/rivermind-data/RoboDojo/src/eval_client/eval_env.py", line 894, in _stream_vision
    writers[cam_key] = VideoStreamWriter(tmp_path, height, width, channels, fps=fps)
                       ^^^^^^^^^^^^^^^^^^^^^^^^^^^^^^^^^^^^^^^^^^^^^^^^^^^^^^^^^^^^^
  File "/root/rivermind-data/RoboDojo/utils/save_file.py", line 55, in __init__
    self.proc = subprocess.Popen(
                ^^^^^^^^^^^^^^^^^
  File "/opt/conda/envs/isaaclab/lib/python3.11/subprocess.py", line 1026, in __init__
    self._execute_child(args, executable, preexec_fn, close_fds,
  File "/opt/conda/envs/isaaclab/lib/python3.11/subprocess.py", line 1955, in _execute_child
    raise child_exception_type(errno_num, err_msg, err_filename)
FileNotFoundError: [Errno 2] No such file or directory: 'ffmpeg'
Success nums: 0, Fail nums: 0, Unstable nums: 0
[INFO]: Parsing configuration from: env.environment.isaac.isaac_rl_env:IsaacRLEnvCfg

[36m======================================================================================[0m
[36m[1m[INFO][IsaacLab]: Logging to file: /tmp/isaaclab/logs/isaaclab_2026-10-08_21-16-29.log[0m
[36m======================================================================================[0m

[33m21:16:30 [simulation_context.py] WARNING: The `enable_external_forces_every_iteration` parameter in the PhysxCfg is set to False. If you are experiencing noisy velocities, consider enabling this flag. You may need to slightly increase the number of velocity iterations (setting it to 1 or 2 rather than 0), together with this flag, to improve the accuracy of velocity updates.[0m
[INFO]: Base environment:
	Environment device    : cpu
	Environment seed      : 2
	Physics step-size     : 0.004
	Rendering step-size   : 0.04
	Environment step-size : 0.004
2026-10-08T13:16:30Z [160,098ms] [Warning] [isaacsim.sensors.camera.camera] 'verticalAperture' (1.5290800094604493) and 'horizontalAperture' (2.0954999923706055) are inconsistent with the pixel resolution aspect ratio (1.3333333333333333). Setting 'verticalAperture' to 1.571624994277954 to ensure square pixels.
2026-10-08T13:16:30Z [160,110ms] [Warning] [isaacsim.sensors.camera.camera] 'verticalAperture' (1.5290800094604493) and 'horizontalAperture' (2.0954999923706055) are inconsistent with the pixel resolution aspect ratio (1.3333333333333333). Setting 'verticalAperture' to 1.571624994277954 to ensure square pixels.
2026-10-08T13:16:30Z [160,121ms] [Warning] [isaacsim.sensors.camera.camera] 'verticalAperture' (1.5290800094604493) and 'horizontalAperture' (2.0954999923706055) are inconsistent with the pixel resolution aspect ratio (1.3333333333333333). Setting 'verticalAperture' to 1.571624994277954 to ensure square pixels.
[INFO]: Time taken for scene creation : 0.384217 seconds
[INFO]: Scene manager:  <class InteractiveScene>
	Number of environments: 1
	Environment spacing   : 7
	Source prim name      : /World/envs/env_0
	Global prim paths     : []
	Replicate physics     : False
[INFO]: Starting the simulation. This may take a few seconds. Please wait...
2026-10-08T13:16:30Z [160,132ms] [Warning] [omni.usd] Warning: in _ReportErrors at line 3172 of /builds/omniverse/usd-ci/USD/pxr/usd/usd/stage.cpp -- In </World/envs/env_0/robot0/camera/visuals/camera/World/mesh.material:binding>: The relationship target </OmniKit_Viewport_LightRig/Looks/Ground_Material> from </X5A/camera/visuals/camera/World/mesh.material:binding> in layer @/root/rivermind-data/RoboDojo/Assets/Robots/x5/ARX.usd@ refers to a path outside the scope of the reference from </World/envs/env_0/robot0>.  Ignoring. (getting targets for relationship </World/envs/env_0/robot0/camera/visuals/camera/World/mesh.material:binding> on stage @anon:0x55bc693032f0:World2.usd@ <0x55bc756acc00>)

2026-10-08T13:16:30Z [160,138ms] [Warning] [omni.usd] Warning: in _ReportErrors at line 3172 of /builds/omniverse/usd-ci/USD/pxr/usd/usd/stage.cpp -- In </World/envs/env_0/robot1/camera/visuals/camera/World/mesh.material:binding>: The relationship target </OmniKit_Viewport_LightRig/Looks/Ground_Material> from </X5A/camera/visuals/camera/World/mesh.material:binding> in layer @/root/rivermind-data/RoboDojo/Assets/Robots/x5/ARX.usd@ refers to a path outside the scope of the reference from </World/envs/env_0/robot1>.  Ignoring. (getting targets for relationship </World/envs/env_0/robot1/camera/visuals/camera/World/mesh.material:binding> on stage @anon:0x55bc693032f0:World2.usd@ <0x55bc756acc00>)

2026-10-08T13:16:31Z [160,973ms] [Warning] [omni.usd] Warning: in _ReportErrors at line 3172 of /builds/omniverse/usd-ci/USD/pxr/usd/usd/stage.cpp -- In </World/envs/env_0/robot0/camera/visuals/camera/World/mesh.material:binding>: The relationship target </OmniKit_Viewport_LightRig/Looks/Ground_Material> from </X5A/camera/visuals/camera/World/mesh.material:binding> in layer @/root/rivermind-data/RoboDojo/Assets/Robots/x5/ARX.usd@ refers to a path outside the scope of the reference from </World/envs/env_0/robot0>.  Ignoring. (getting targets for relationship </World/envs/env_0/robot0/camera/visuals/camera/World/mesh.material:binding> on stage @anon:0x55bc693032f0:World2.usd@ <0x55bc756acc00>)

2026-10-08T13:16:31Z [160,974ms] [Warning] [omni.usd] Warning: in _ReportErrors at line 3172 of /builds/omniverse/usd-ci/USD/pxr/usd/usd/stage.cpp -- In </World/envs/env_0/robot1/camera/visuals/camera/World/mesh.material:binding>: The relationship target </OmniKit_Viewport_LightRig/Looks/Ground_Material> from </X5A/camera/visuals/camera/World/mesh.material:binding> in layer @/root/rivermind-data/RoboDojo/Assets/Robots/x5/ARX.usd@ refers to a path outside the scope of the reference from </World/envs/env_0/robot1>.  Ignoring. (getting targets for relationship </World/envs/env_0/robot1/camera/visuals/camera/World/mesh.material:binding> on stage @anon:0x55bc693032f0:World2.usd@ <0x55bc756acc00>)

2026-10-08T13:16:31Z [160,977ms] [Warning] [omni.usd] Warning (secondary thread): in _ReportErrors at line 3172 of /builds/omniverse/usd-ci/USD/pxr/usd/usd/stage.cpp -- In </World/envs/env_0/robot0/camera/visuals/camera/World/mesh.material:binding>: The relationship target </OmniKit_Viewport_LightRig/Looks/Ground_Material> from </X5A/camera/visuals/camera/World/mesh.material:binding> in layer @/root/rivermind-data/RoboDojo/Assets/Robots/x5/ARX.usd@ refers to a path outside the scope of the reference from </World/envs/env_0/robot0>.  Ignoring. (getting targets for relationship </World/envs/env_0/robot0/camera/visuals/camera/World/mesh.material:binding> on stage @anon:0x55bc693032f0:World2.usd@ <0x55bc756acc00>)

2026-10-08T13:16:31Z [160,978ms] [Warning] [omni.usd] Warning (secondary thread): in _ReportErrors at line 3172 of /builds/omniverse/usd-ci/USD/pxr/usd/usd/stage.cpp -- In </World/envs/env_0/robot1/link3/visuals/link3/node_STL_BINARY_/mesh.material:binding>: The relationship target </Flattened_Prototype_9/camera/World/Looks/ID10> from </X5A/link3/visuals/link3/node_STL_BINARY_/mesh.material:binding> in layer @/root/rivermind-data/RoboDojo/Assets/Robots/x5/ARX.usd@ refers to a path outside the scope of the reference from </World/envs/env_0/robot1>.  Ignoring. (getting targets for relationship </World/envs/env_0/robot1/link3/visuals/link3/node_STL_BINARY_/mesh.material:binding> on stage @anon:0x55bc693032f0:World2.usd@ <0x55bc756acc00>)

2026-10-08T13:16:31Z [160,979ms] [Warning] [omni.usd] Warning (secondary thread): in _ReportErrors at line 3172 of /builds/omniverse/usd-ci/USD/pxr/usd/usd/stage.cpp -- In </World/envs/env_0/robot0/link3/visuals/link3/node_STL_BINARY_/mesh.material:binding>: The relationship target </Flattened_Prototype_9/camera/World/Looks/ID10> from </X5A/link3/visuals/link3/node_STL_BINARY_/mesh.material:binding> in layer @/root/rivermind-data/RoboDojo/Assets/Robots/x5/ARX.usd@ refers to a path outside the scope of the reference from </World/envs/env_0/robot0>.  Ignoring. (getting targets for relationship </World/envs/env_0/robot0/link3/visuals/link3/node_STL_BINARY_/mesh.material:binding> on stage @anon:0x55bc693032f0:World2.usd@ <0x55bc756acc00>)

2026-10-08T13:16:31Z [160,980ms] [Warning] [omni.usd] Warning (secondary thread): in _ReportErrors at line 3172 of /builds/omniverse/usd-ci/USD/pxr/usd/usd/stage.cpp -- In </World/envs/env_0/robot1/camera/visuals/camera/World/mesh.material:binding>: The relationship target </OmniKit_Viewport_LightRig/Looks/Ground_Material> from </X5A/camera/visuals/camera/World/mesh.material:binding> in layer @/root/rivermind-data/RoboDojo/Assets/Robots/x5/ARX.usd@ refers to a path outside the scope of the reference from </World/envs/env_0/robot1>.  Ignoring. (getting targets for relationship </World/envs/env_0/robot1/camera/visuals/camera/World/mesh.material:binding> on stage @anon:0x55bc693032f0:World2.usd@ <0x55bc756acc00>)

[INFO]: Time taken for simulation start : 0.938694 seconds
[INFO]: Completed setting up the environment...
[INFO] Resetting all environments
2026-10-08T13:16:37Z [167,580ms] [Warning] [carb] Client omni.hydratexture.plugin has acquired [carb::dictionary::IDictionary v1.1] 100 times. Consider accessing this interface with carb::getCachedInterface() (Performance warning)
[Eval] unhandled exception during reset/run_eval: FileNotFoundError: [Errno 2] No such file or directory: 'ffmpeg'
Traceback (most recent call last):
  File "/root/rivermind-data/RoboDojo/src/eval_client/main.py", line 360, in main
    env.run_eval()
  File "/root/rivermind-data/RoboDojo/src/eval_client/eval_env.py", line 783, in run_eval
    self.eval_one_episode()
  File "/root/rivermind-data/RoboDojo/src/eval_client/eval_env.py", line 310, in eval_one_episode
    eval_module.eval_one_episode(TASK_ENV=self, model_client=self.model_client)
  File "/root/rivermind-data/RoboDojo/XPolicyLab/policy/demo_policy/deploy.py", line 6, in eval_one_episode
    obs = TASK_ENV.get_obs() # Get Observation
          ^^^^^^^^^^^^^^^^^^
  File "/root/rivermind-data/RoboDojo/src/eval_client/eval_env.py", line 267, in get_obs
    return self.get_obs_batch(env_idx_list=[0])[0]
           ^^^^^^^^^^^^^^^^^^^^^^^^^^^^^^^^^^^^
  File "/root/rivermind-data/RoboDojo/src/eval_client/eval_env.py", line 281, in get_obs_batch
    self._stream_vision(env_idx, data[env_idx])
  File "/root/rivermind-data/RoboDojo/src/eval_client/eval_env.py", line 894, in _stream_vision
    writers[cam_key] = VideoStreamWriter(tmp_path, height, width, channels, fps=fps)
                       ^^^^^^^^^^^^^^^^^^^^^^^^^^^^^^^^^^^^^^^^^^^^^^^^^^^^^^^^^^^^^
  File "/root/rivermind-data/RoboDojo/utils/save_file.py", line 55, in __init__
    self.proc = subprocess.Popen(
                ^^^^^^^^^^^^^^^^^
  File "/opt/conda/envs/isaaclab/lib/python3.11/subprocess.py", line 1026, in __init__
    self._execute_child(args, executable, preexec_fn, close_fds,
  File "/opt/conda/envs/isaaclab/lib/python3.11/subprocess.py", line 1955, in _execute_child
    raise child_exception_type(errno_num, err_msg, err_filename)
FileNotFoundError: [Errno 2] No such file or directory: 'ffmpeg'
Success nums: 0, Fail nums: 0, Unstable nums: 0
[INFO]: Parsing configuration from: env.environment.isaac.isaac_rl_env:IsaacRLEnvCfg

[36m======================================================================================[0m
[36m[1m[INFO][IsaacLab]: Logging to file: /tmp/isaaclab/logs/isaaclab_2026-10-08_21-16-46.log[0m
[36m======================================================================================[0m

[33m21:16:46 [simulation_context.py] WARNING: The `enable_external_forces_every_iteration` parameter in the PhysxCfg is set to False. If you are experiencing noisy velocities, consider enabling this flag. You may need to slightly increase the number of velocity iterations (setting it to 1 or 2 rather than 0), together with this flag, to improve the accuracy of velocity updates.[0m
[INFO]: Base environment:
	Environment device    : cpu
	Environment seed      : 3
	Physics step-size     : 0.004
	Rendering step-size   : 0.04
	Environment step-size : 0.004
2026-10-08T13:16:47Z [176,888ms] [Warning] [isaacsim.sensors.camera.camera] 'verticalAperture' (1.5290800094604493) and 'horizontalAperture' (2.0954999923706055) are inconsistent with the pixel resolution aspect ratio (1.3333333333333333). Setting 'verticalAperture' to 1.571624994277954 to ensure square pixels.
2026-10-08T13:16:47Z [176,899ms] [Warning] [isaacsim.sensors.camera.camera] 'verticalAperture' (1.5290800094604493) and 'horizontalAperture' (2.0954999923706055) are inconsistent with the pixel resolution aspect ratio (1.3333333333333333). Setting 'verticalAperture' to 1.571624994277954 to ensure square pixels.
2026-10-08T13:16:47Z [176,910ms] [Warning] [isaacsim.sensors.camera.camera] 'verticalAperture' (1.5290800094604493) and 'horizontalAperture' (2.0954999923706055) are inconsistent with the pixel resolution aspect ratio (1.3333333333333333). Setting 'verticalAperture' to 1.571624994277954 to ensure square pixels.
[INFO]: Time taken for scene creation : 0.380920 seconds
[INFO]: Scene manager:  <class InteractiveScene>
	Number of environments: 1
	Environment spacing   : 7
	Source prim name      : /World/envs/env_0
	Global prim paths     : []
	Replicate physics     : False
[INFO]: Starting the simulation. This may take a few seconds. Please wait...
2026-10-08T13:16:47Z [176,924ms] [Warning] [omni.usd] Warning: in _ReportErrors at line 3172 of /builds/omniverse/usd-ci/USD/pxr/usd/usd/stage.cpp -- In </World/envs/env_0/robot0/camera/visuals/camera/World/mesh.material:binding>: The relationship target </OmniKit_Viewport_LightRig/Looks/Ground_Material> from </X5A/camera/visuals/camera/World/mesh.material:binding> in layer @/root/rivermind-data/RoboDojo/Assets/Robots/x5/ARX.usd@ refers to a path outside the scope of the reference from </World/envs/env_0/robot0>.  Ignoring. (getting targets for relationship </World/envs/env_0/robot0/camera/visuals/camera/World/mesh.material:binding> on stage @anon:0x55bc3b7eb3a0:World3.usd@ <0x55bc70d79ed0>)

2026-10-08T13:16:47Z [176,930ms] [Warning] [omni.usd] Warning: in _ReportErrors at line 3172 of /builds/omniverse/usd-ci/USD/pxr/usd/usd/stage.cpp -- In </World/envs/env_0/robot1/camera/visuals/camera/World/mesh.material:binding>: The relationship target </OmniKit_Viewport_LightRig/Looks/Ground_Material> from </X5A/camera/visuals/camera/World/mesh.material:binding> in layer @/root/rivermind-data/RoboDojo/Assets/Robots/x5/ARX.usd@ refers to a path outside the scope of the reference from </World/envs/env_0/robot1>.  Ignoring. (getting targets for relationship </World/envs/env_0/robot1/camera/visuals/camera/World/mesh.material:binding> on stage @anon:0x55bc3b7eb3a0:World3.usd@ <0x55bc70d79ed0>)

2026-10-08T13:16:48Z [177,770ms] [Warning] [omni.usd] Warning: in _ReportErrors at line 3172 of /builds/omniverse/usd-ci/USD/pxr/usd/usd/stage.cpp -- In </World/envs/env_0/robot0/camera/visuals/camera/World/mesh.material:binding>: The relationship target </OmniKit_Viewport_LightRig/Looks/Ground_Material> from </X5A/camera/visuals/camera/World/mesh.material:binding> in layer @/root/rivermind-data/RoboDojo/Assets/Robots/x5/ARX.usd@ refers to a path outside the scope of the reference from </World/envs/env_0/robot0>.  Ignoring. (getting targets for relationship </World/envs/env_0/robot0/camera/visuals/camera/World/mesh.material:binding> on stage @anon:0x55bc3b7eb3a0:World3.usd@ <0x55bc70d79ed0>)

2026-10-08T13:16:48Z [177,770ms] [Warning] [omni.usd] Warning: in _ReportErrors at line 3172 of /builds/omniverse/usd-ci/USD/pxr/usd/usd/stage.cpp -- In </World/envs/env_0/robot1/camera/visuals/camera/World/mesh.material:binding>: The relationship target </OmniKit_Viewport_LightRig/Looks/Ground_Material> from </X5A/camera/visuals/camera/World/mesh.material:binding> in layer @/root/rivermind-data/RoboDojo/Assets/Robots/x5/ARX.usd@ refers to a path outside the scope of the reference from </World/envs/env_0/robot1>.  Ignoring. (getting targets for relationship </World/envs/env_0/robot1/camera/visuals/camera/World/mesh.material:binding> on stage @anon:0x55bc3b7eb3a0:World3.usd@ <0x55bc70d79ed0>)

2026-10-08T13:16:48Z [177,774ms] [Warning] [omni.usd] Warning (secondary thread): in _ReportErrors at line 3172 of /builds/omniverse/usd-ci/USD/pxr/usd/usd/stage.cpp -- In </World/envs/env_0/robot0/link3/visuals/link3/node_STL_BINARY_/mesh.material:binding>: The relationship target </Flattened_Prototype_9/camera/World/Looks/ID10> from </X5A/link3/visuals/link3/node_STL_BINARY_/mesh.material:binding> in layer @/root/rivermind-data/RoboDojo/Assets/Robots/x5/ARX.usd@ refers to a path outside the scope of the reference from </World/envs/env_0/robot0>.  Ignoring. (getting targets for relationship </World/envs/env_0/robot0/link3/visuals/link3/node_STL_BINARY_/mesh.material:binding> on stage @anon:0x55bc3b7eb3a0:World3.usd@ <0x55bc70d79ed0>)

2026-10-08T13:16:48Z [177,775ms] [Warning] [omni.usd] Warning (secondary thread): in _ReportErrors at line 3172 of /builds/omniverse/usd-ci/USD/pxr/usd/usd/stage.cpp -- In </World/envs/env_0/robot0/camera/visuals/camera/World/mesh.material:binding>: The relationship target </OmniKit_Viewport_LightRig/Looks/Ground_Material> from </X5A/camera/visuals/camera/World/mesh.material:binding> in layer @/root/rivermind-data/RoboDojo/Assets/Robots/x5/ARX.usd@ refers to a path outside the scope of the reference from </World/envs/env_0/robot0>.  Ignoring. (getting targets for relationship </World/envs/env_0/robot0/camera/visuals/camera/World/mesh.material:binding> on stage @anon:0x55bc3b7eb3a0:World3.usd@ <0x55bc70d79ed0>)

2026-10-08T13:16:48Z [177,775ms] [Warning] [omni.usd] Warning (secondary thread): in _ReportErrors at line 3172 of /builds/omniverse/usd-ci/USD/pxr/usd/usd/stage.cpp -- In </World/envs/env_0/robot1/camera/visuals/camera/World/mesh.material:binding>: The relationship target </OmniKit_Viewport_LightRig/Looks/Ground_Material> from </X5A/camera/visuals/camera/World/mesh.material:binding> in layer @/root/rivermind-data/RoboDojo/Assets/Robots/x5/ARX.usd@ refers to a path outside the scope of the reference from </World/envs/env_0/robot1>.  Ignoring. (getting targets for relationship </World/envs/env_0/robot1/camera/visuals/camera/World/mesh.material:binding> on stage @anon:0x55bc3b7eb3a0:World3.usd@ <0x55bc70d79ed0>)

2026-10-08T13:16:48Z [177,776ms] [Warning] [omni.usd] Warning (secondary thread): in _ReportErrors at line 3172 of /builds/omniverse/usd-ci/USD/pxr/usd/usd/stage.cpp -- In </World/envs/env_0/robot1/link3/visuals/link3/node_STL_BINARY_/mesh.material:binding>: The relationship target </Flattened_Prototype_9/camera/World/Looks/ID10> from </X5A/link3/visuals/link3/node_STL_BINARY_/mesh.material:binding> in layer @/root/rivermind-data/RoboDojo/Assets/Robots/x5/ARX.usd@ refers to a path outside the scope of the reference from </World/envs/env_0/robot1>.  Ignoring. (getting targets for relationship </World/envs/env_0/robot1/link3/visuals/link3/node_STL_BINARY_/mesh.material:binding> on stage @anon:0x55bc3b7eb3a0:World3.usd@ <0x55bc70d79ed0>)

[INFO]: Time taken for simulation start : 0.940995 seconds
[INFO]: Completed setting up the environment...
[INFO] Resetting all environments
[Eval] unhandled exception during reset/run_eval: FileNotFoundError: [Errno 2] No such file or directory: 'ffmpeg'
Traceback (most recent call last):
  File "/root/rivermind-data/RoboDojo/src/eval_client/main.py", line 360, in main
    env.run_eval()
  File "/root/rivermind-data/RoboDojo/src/eval_client/eval_env.py", line 783, in run_eval
    self.eval_one_episode()
  File "/root/rivermind-data/RoboDojo/src/eval_client/eval_env.py", line 310, in eval_one_episode
    eval_module.eval_one_episode(TASK_ENV=self, model_client=self.model_client)
  File "/root/rivermind-data/RoboDojo/XPolicyLab/policy/demo_policy/deploy.py", line 6, in eval_one_episode
    obs = TASK_ENV.get_obs() # Get Observation
          ^^^^^^^^^^^^^^^^^^
  File "/root/rivermind-data/RoboDojo/src/eval_client/eval_env.py", line 267, in get_obs
    return self.get_obs_batch(env_idx_list=[0])[0]
           ^^^^^^^^^^^^^^^^^^^^^^^^^^^^^^^^^^^^
  File "/root/rivermind-data/RoboDojo/src/eval_client/eval_env.py", line 281, in get_obs_batch
    self._stream_vision(env_idx, data[env_idx])
  File "/root/rivermind-data/RoboDojo/src/eval_client/eval_env.py", line 894, in _stream_vision
    writers[cam_key] = VideoStreamWriter(tmp_path, height, width, channels, fps=fps)
                       ^^^^^^^^^^^^^^^^^^^^^^^^^^^^^^^^^^^^^^^^^^^^^^^^^^^^^^^^^^^^^
  File "/root/rivermind-data/RoboDojo/utils/save_file.py", line 55, in __init__
    self.proc = subprocess.Popen(
                ^^^^^^^^^^^^^^^^^
  File "/opt/conda/envs/isaaclab/lib/python3.11/subprocess.py", line 1026, in __init__
    self._execute_child(args, executable, preexec_fn, close_fds,
  File "/opt/conda/envs/isaaclab/lib/python3.11/subprocess.py", line 1955, in _execute_child
    raise child_exception_type(errno_num, err_msg, err_filename)
FileNotFoundError: [Errno 2] No such file or directory: 'ffmpeg'
Success nums: 0, Fail nums: 0, Unstable nums: 0
[INFO]: Parsing configuration from: env.environment.isaac.isaac_rl_env:IsaacRLEnvCfg

[36m======================================================================================[0m
[36m[1m[INFO][IsaacLab]: Logging to file: /tmp/isaaclab/logs/isaaclab_2026-10-08_21-17-03.log[0m
[36m======================================================================================[0m

[33m21:17:03 [simulation_context.py] WARNING: The `enable_external_forces_every_iteration` parameter in the PhysxCfg is set to False. If you are experiencing noisy velocities, consider enabling this flag. You may need to slightly increase the number of velocity iterations (setting it to 1 or 2 rather than 0), together with this flag, to improve the accuracy of velocity updates.[0m
[INFO]: Base environment:
	Environment device    : cpu
	Environment seed      : 4
	Physics step-size     : 0.004
	Rendering step-size   : 0.04
	Environment step-size : 0.004
2026-10-08T13:17:04Z [193,787ms] [Warning] [isaacsim.sensors.camera.camera] 'verticalAperture' (1.5290800094604493) and 'horizontalAperture' (2.0954999923706055) are inconsistent with the pixel resolution aspect ratio (1.3333333333333333). Setting 'verticalAperture' to 1.571624994277954 to ensure square pixels.
2026-10-08T13:17:04Z [193,797ms] [Warning] [isaacsim.sensors.camera.camera] 'verticalAperture' (1.5290800094604493) and 'horizontalAperture' (2.0954999923706055) are inconsistent with the pixel resolution aspect ratio (1.3333333333333333). Setting 'verticalAperture' to 1.571624994277954 to ensure square pixels.
2026-10-08T13:17:04Z [193,808ms] [Warning] [isaacsim.sensors.camera.camera] 'verticalAperture' (1.5290800094604493) and 'horizontalAperture' (2.0954999923706055) are inconsistent with the pixel resolution aspect ratio (1.3333333333333333). Setting 'verticalAperture' to 1.571624994277954 to ensure square pixels.
[INFO]: Time taken for scene creation : 0.379795 seconds
[INFO]: Scene manager:  <class InteractiveScene>
	Number of environments: 1
	Environment spacing   : 7
	Source prim name      : /World/envs/env_0
	Global prim paths     : []
	Replicate physics     : False
[INFO]: Starting the simulation. This may take a few seconds. Please wait...
2026-10-08T13:17:04Z [193,819ms] [Warning] [omni.usd] Warning: in _ReportErrors at line 3172 of /builds/omniverse/usd-ci/USD/pxr/usd/usd/stage.cpp -- In </World/envs/env_0/robot0/camera/visuals/camera/World/mesh.material:binding>: The relationship target </OmniKit_Viewport_LightRig/Looks/Ground_Material> from </X5A/camera/visuals/camera/World/mesh.material:binding> in layer @/root/rivermind-data/RoboDojo/Assets/Robots/x5/ARX.usd@ refers to a path outside the scope of the reference from </World/envs/env_0/robot0>.  Ignoring. (getting targets for relationship </World/envs/env_0/robot0/camera/visuals/camera/World/mesh.material:binding> on stage @anon:0x55bc42b2f960:World4.usd@ <0x55bc4391e510>)

2026-10-08T13:17:04Z [193,824ms] [Warning] [omni.usd] Warning: in _ReportErrors at line 3172 of /builds/omniverse/usd-ci/USD/pxr/usd/usd/stage.cpp -- In </World/envs/env_0/robot1/camera/visuals/camera/World/mesh.material:binding>: The relationship target </OmniKit_Viewport_LightRig/Looks/Ground_Material> from </X5A/camera/visuals/camera/World/mesh.material:binding> in layer @/root/rivermind-data/RoboDojo/Assets/Robots/x5/ARX.usd@ refers to a path outside the scope of the reference from </World/envs/env_0/robot1>.  Ignoring. (getting targets for relationship </World/envs/env_0/robot1/camera/visuals/camera/World/mesh.material:binding> on stage @anon:0x55bc42b2f960:World4.usd@ <0x55bc4391e510>)

2026-10-08T13:17:04Z [194,655ms] [Warning] [omni.usd] Warning: in _ReportErrors at line 3172 of /builds/omniverse/usd-ci/USD/pxr/usd/usd/stage.cpp -- In </World/envs/env_0/robot0/camera/visuals/camera/World/mesh.material:binding>: The relationship target </OmniKit_Viewport_LightRig/Looks/Ground_Material> from </X5A/camera/visuals/camera/World/mesh.material:binding> in layer @/root/rivermind-data/RoboDojo/Assets/Robots/x5/ARX.usd@ refers to a path outside the scope of the reference from </World/envs/env_0/robot0>.  Ignoring. (getting targets for relationship </World/envs/env_0/robot0/camera/visuals/camera/World/mesh.material:binding> on stage @anon:0x55bc42b2f960:World4.usd@ <0x55bc4391e510>)

2026-10-08T13:17:04Z [194,655ms] [Warning] [omni.usd] Warning: in _ReportErrors at line 3172 of /builds/omniverse/usd-ci/USD/pxr/usd/usd/stage.cpp -- In </World/envs/env_0/robot1/camera/visuals/camera/World/mesh.material:binding>: The relationship target </OmniKit_Viewport_LightRig/Looks/Ground_Material> from </X5A/camera/visuals/camera/World/mesh.material:binding> in layer @/root/rivermind-data/RoboDojo/Assets/Robots/x5/ARX.usd@ refers to a path outside the scope of the reference from </World/envs/env_0/robot1>.  Ignoring. (getting targets for relationship </World/envs/env_0/robot1/camera/visuals/camera/World/mesh.material:binding> on stage @anon:0x55bc42b2f960:World4.usd@ <0x55bc4391e510>)

2026-10-08T13:17:04Z [194,658ms] [Warning] [omni.usd] Warning (secondary thread): in _ReportErrors at line 3172 of /builds/omniverse/usd-ci/USD/pxr/usd/usd/stage.cpp -- In </World/envs/env_0/robot0/camera/visuals/camera/World/mesh.material:binding>: The relationship target </OmniKit_Viewport_LightRig/Looks/Ground_Material> from </X5A/camera/visuals/camera/World/mesh.material:binding> in layer @/root/rivermind-data/RoboDojo/Assets/Robots/x5/ARX.usd@ refers to a path outside the scope of the reference from </World/envs/env_0/robot0>.  Ignoring. (getting targets for relationship </World/envs/env_0/robot0/camera/visuals/camera/World/mesh.material:binding> on stage @anon:0x55bc42b2f960:World4.usd@ <0x55bc4391e510>)

2026-10-08T13:17:04Z [194,658ms] [Warning] [omni.usd] Warning (secondary thread): in _ReportErrors at line 3172 of /builds/omniverse/usd-ci/USD/pxr/usd/usd/stage.cpp -- In </World/envs/env_0/robot0/link3/visuals/link3/node_STL_BINARY_/mesh.material:binding>: The relationship target </Flattened_Prototype_9/camera/World/Looks/ID10> from </X5A/link3/visuals/link3/node_STL_BINARY_/mesh.material:binding> in layer @/root/rivermind-data/RoboDojo/Assets/Robots/x5/ARX.usd@ refers to a path outside the scope of the reference from </World/envs/env_0/robot0>.  Ignoring. (getting targets for relationship </World/envs/env_0/robot0/link3/visuals/link3/node_STL_BINARY_/mesh.material:binding> on stage @anon:0x55bc42b2f960:World4.usd@ <0x55bc4391e510>)

2026-10-08T13:17:04Z [194,659ms] [Warning] [omni.usd] Warning (secondary thread): in _ReportErrors at line 3172 of /builds/omniverse/usd-ci/USD/pxr/usd/usd/stage.cpp -- In </World/envs/env_0/robot1/camera/visuals/camera/World/mesh.material:binding>: The relationship target </OmniKit_Viewport_LightRig/Looks/Ground_Material> from </X5A/camera/visuals/camera/World/mesh.material:binding> in layer @/root/rivermind-data/RoboDojo/Assets/Robots/x5/ARX.usd@ refers to a path outside the scope of the reference from </World/envs/env_0/robot1>.  Ignoring. (getting targets for relationship </World/envs/env_0/robot1/camera/visuals/camera/World/mesh.material:binding> on stage @anon:0x55bc42b2f960:World4.usd@ <0x55bc4391e510>)

2026-10-08T13:17:04Z [194,660ms] [Warning] [omni.usd] Warning (secondary thread): in _ReportErrors at line 3172 of /builds/omniverse/usd-ci/USD/pxr/usd/usd/stage.cpp -- In </World/envs/env_0/robot1/link3/visuals/link3/node_STL_BINARY_/mesh.material:binding>: The relationship target </Flattened_Prototype_9/camera/World/Looks/ID10> from </X5A/link3/visuals/link3/node_STL_BINARY_/mesh.material:binding> in layer @/root/rivermind-data/RoboDojo/Assets/Robots/x5/ARX.usd@ refers to a path outside the scope of the reference from </World/envs/env_0/robot1>.  Ignoring. (getting targets for relationship </World/envs/env_0/robot1/link3/visuals/link3/node_STL_BINARY_/mesh.material:binding> on stage @anon:0x55bc42b2f960:World4.usd@ <0x55bc4391e510>)

[INFO]: Time taken for simulation start : 0.920436 seconds
[INFO]: Completed setting up the environment...
[INFO] Resetting all environments
[Eval] unhandled exception during reset/run_eval: FileNotFoundError: [Errno 2] No such file or directory: 'ffmpeg'
Traceback (most recent call last):
  File "/root/rivermind-data/RoboDojo/src/eval_client/main.py", line 360, in main
    env.run_eval()
  File "/root/rivermind-data/RoboDojo/src/eval_client/eval_env.py", line 783, in run_eval
    self.eval_one_episode()
  File "/root/rivermind-data/RoboDojo/src/eval_client/eval_env.py", line 310, in eval_one_episode
    eval_module.eval_one_episode(TASK_ENV=self, model_client=self.model_client)
  File "/root/rivermind-data/RoboDojo/XPolicyLab/policy/demo_policy/deploy.py", line 6, in eval_one_episode
    obs = TASK_ENV.get_obs() # Get Observation
          ^^^^^^^^^^^^^^^^^^
  File "/root/rivermind-data/RoboDojo/src/eval_client/eval_env.py", line 267, in get_obs
    return self.get_obs_batch(env_idx_list=[0])[0]
           ^^^^^^^^^^^^^^^^^^^^^^^^^^^^^^^^^^^^
  File "/root/rivermind-data/RoboDojo/src/eval_client/eval_env.py", line 281, in get_obs_batch
    self._stream_vision(env_idx, data[env_idx])
  File "/root/rivermind-data/RoboDojo/src/eval_client/eval_env.py", line 894, in _stream_vision
    writers[cam_key] = VideoStreamWriter(tmp_path, height, width, channels, fps=fps)
                       ^^^^^^^^^^^^^^^^^^^^^^^^^^^^^^^^^^^^^^^^^^^^^^^^^^^^^^^^^^^^^
  File "/root/rivermind-data/RoboDojo/utils/save_file.py", line 55, in __init__
    self.proc = subprocess.Popen(
                ^^^^^^^^^^^^^^^^^
  File "/opt/conda/envs/isaaclab/lib/python3.11/subprocess.py", line 1026, in __init__
    self._execute_child(args, executable, preexec_fn, close_fds,
  File "/opt/conda/envs/isaaclab/lib/python3.11/subprocess.py", line 1955, in _execute_child
    raise child_exception_type(errno_num, err_msg, err_filename)
FileNotFoundError: [Errno 2] No such file or directory: 'ffmpeg'
Success nums: 0, Fail nums: 0, Unstable nums: 0
[INFO]: Parsing configuration from: env.environment.isaac.isaac_rl_env:IsaacRLEnvCfg

[36m======================================================================================[0m
[36m[1m[INFO][IsaacLab]: Logging to file: /tmp/isaaclab/logs/isaaclab_2026-10-08_21-17-18.log[0m
[36m======================================================================================[0m

[33m21:17:18 [simulation_context.py] WARNING: The `enable_external_forces_every_iteration` parameter in the PhysxCfg is set to False. If you are experiencing noisy velocities, consider enabling this flag. You may need to slightly increase the number of velocity iterations (setting it to 1 or 2 rather than 0), together with this flag, to improve the accuracy of velocity updates.[0m
[INFO]: Base environment:
	Environment device    : cpu
	Environment seed      : 5
	Physics step-size     : 0.004
	Rendering step-size   : 0.04
	Environment step-size : 0.004
2026-10-08T13:17:18Z [208,172ms] [Warning] [isaacsim.sensors.camera.camera] 'verticalAperture' (1.5290800094604493) and 'horizontalAperture' (2.0954999923706055) are inconsistent with the pixel resolution aspect ratio (1.3333333333333333). Setting 'verticalAperture' to 1.571624994277954 to ensure square pixels.
2026-10-08T13:17:18Z [208,183ms] [Warning] [isaacsim.sensors.camera.camera] 'verticalAperture' (1.5290800094604493) and 'horizontalAperture' (2.0954999923706055) are inconsistent with the pixel resolution aspect ratio (1.3333333333333333). Setting 'verticalAperture' to 1.571624994277954 to ensure square pixels.
2026-10-08T13:17:18Z [208,194ms] [Warning] [isaacsim.sensors.camera.camera] 'verticalAperture' (1.5290800094604493) and 'horizontalAperture' (2.0954999923706055) are inconsistent with the pixel resolution aspect ratio (1.3333333333333333). Setting 'verticalAperture' to 1.571624994277954 to ensure square pixels.
[INFO]: Time taken for scene creation : 0.380326 seconds
[INFO]: Scene manager:  <class InteractiveScene>
	Number of environments: 1
	Environment spacing   : 7
	Source prim name      : /World/envs/env_0
	Global prim paths     : []
	Replicate physics     : False
[INFO]: Starting the simulation. This may take a few seconds. Please wait...
2026-10-08T13:17:18Z [208,205ms] [Warning] [omni.usd] Warning: in _ReportErrors at line 3172 of /builds/omniverse/usd-ci/USD/pxr/usd/usd/stage.cpp -- In </World/envs/env_0/robot0/camera/visuals/camera/World/mesh.material:binding>: The relationship target </OmniKit_Viewport_LightRig/Looks/Ground_Material> from </X5A/camera/visuals/camera/World/mesh.material:binding> in layer @/root/rivermind-data/RoboDojo/Assets/Robots/x5/ARX.usd@ refers to a path outside the scope of the reference from </World/envs/env_0/robot0>.  Ignoring. (getting targets for relationship </World/envs/env_0/robot0/camera/visuals/camera/World/mesh.material:binding> on stage @anon:0x55bc6915f840:World5.usd@ <0x55bc43b7e800>)

2026-10-08T13:17:18Z [208,211ms] [Warning] [omni.usd] Warning: in _ReportErrors at line 3172 of /builds/omniverse/usd-ci/USD/pxr/usd/usd/stage.cpp -- In </World/envs/env_0/robot1/camera/visuals/camera/World/mesh.material:binding>: The relationship target </OmniKit_Viewport_LightRig/Looks/Ground_Material> from </X5A/camera/visuals/camera/World/mesh.material:binding> in layer @/root/rivermind-data/RoboDojo/Assets/Robots/x5/ARX.usd@ refers to a path outside the scope of the reference from </World/envs/env_0/robot1>.  Ignoring. (getting targets for relationship </World/envs/env_0/robot1/camera/visuals/camera/World/mesh.material:binding> on stage @anon:0x55bc6915f840:World5.usd@ <0x55bc43b7e800>)

2026-10-08T13:17:19Z [209,046ms] [Warning] [omni.usd] Warning: in _ReportErrors at line 3172 of /builds/omniverse/usd-ci/USD/pxr/usd/usd/stage.cpp -- In </World/envs/env_0/robot0/camera/visuals/camera/World/mesh.material:binding>: The relationship target </OmniKit_Viewport_LightRig/Looks/Ground_Material> from </X5A/camera/visuals/camera/World/mesh.material:binding> in layer @/root/rivermind-data/RoboDojo/Assets/Robots/x5/ARX.usd@ refers to a path outside the scope of the reference from </World/envs/env_0/robot0>.  Ignoring. (getting targets for relationship </World/envs/env_0/robot0/camera/visuals/camera/World/mesh.material:binding> on stage @anon:0x55bc6915f840:World5.usd@ <0x55bc43b7e800>)

2026-10-08T13:17:19Z [209,047ms] [Warning] [omni.usd] Warning: in _ReportErrors at line 3172 of /builds/omniverse/usd-ci/USD/pxr/usd/usd/stage.cpp -- In </World/envs/env_0/robot1/camera/visuals/camera/World/mesh.material:binding>: The relationship target </OmniKit_Viewport_LightRig/Looks/Ground_Material> from </X5A/camera/visuals/camera/World/mesh.material:binding> in layer @/root/rivermind-data/RoboDojo/Assets/Robots/x5/ARX.usd@ refers to a path outside the scope of the reference from </World/envs/env_0/robot1>.  Ignoring. (getting targets for relationship </World/envs/env_0/robot1/camera/visuals/camera/World/mesh.material:binding> on stage @anon:0x55bc6915f840:World5.usd@ <0x55bc43b7e800>)

2026-10-08T13:17:19Z [209,050ms] [Warning] [omni.usd] Warning: in _ReportErrors at line 3172 of /builds/omniverse/usd-ci/USD/pxr/usd/usd/stage.cpp -- In </World/envs/env_0/robot0/camera/visuals/camera/World/mesh.material:binding>: The relationship target </OmniKit_Viewport_LightRig/Looks/Ground_Material> from </X5A/camera/visuals/camera/World/mesh.material:binding> in layer @/root/rivermind-data/RoboDojo/Assets/Robots/x5/ARX.usd@ refers to a path outside the scope of the reference from </World/envs/env_0/robot0>.  Ignoring. (getting targets for relationship </World/envs/env_0/robot0/camera/visuals/camera/World/mesh.material:binding> on stage @anon:0x55bc6915f840:World5.usd@ <0x55bc43b7e800>)

2026-10-08T13:17:19Z [209,050ms] [Warning] [omni.usd] Warning (secondary thread): in _ReportErrors at line 3172 of /builds/omniverse/usd-ci/USD/pxr/usd/usd/stage.cpp -- In </World/envs/env_0/robot1/camera/visuals/camera/World/mesh.material:binding>: The relationship target </OmniKit_Viewport_LightRig/Looks/Ground_Material> from </X5A/camera/visuals/camera/World/mesh.material:binding> in layer @/root/rivermind-data/RoboDojo/Assets/Robots/x5/ARX.usd@ refers to a path outside the scope of the reference from </World/envs/env_0/robot1>.  Ignoring. (getting targets for relationship </World/envs/env_0/robot1/camera/visuals/camera/World/mesh.material:binding> on stage @anon:0x55bc6915f840:World5.usd@ <0x55bc43b7e800>)

2026-10-08T13:17:19Z [209,050ms] [Warning] [omni.usd] Warning (secondary thread): in _ReportErrors at line 3172 of /builds/omniverse/usd-ci/USD/pxr/usd/usd/stage.cpp -- In </World/envs/env_0/robot0/link3/visuals/link3/node_STL_BINARY_/mesh.material:binding>: The relationship target </Flattened_Prototype_9/camera/World/Looks/ID10> from </X5A/link3/visuals/link3/node_STL_BINARY_/mesh.material:binding> in layer @/root/rivermind-data/RoboDojo/Assets/Robots/x5/ARX.usd@ refers to a path outside the scope of the reference from </World/envs/env_0/robot0>.  Ignoring. (getting targets for relationship </World/envs/env_0/robot0/link3/visuals/link3/node_STL_BINARY_/mesh.material:binding> on stage @anon:0x55bc6915f840:World5.usd@ <0x55bc43b7e800>)

2026-10-08T13:17:19Z [209,051ms] [Warning] [omni.usd] Warning (secondary thread): in _ReportErrors at line 3172 of /builds/omniverse/usd-ci/USD/pxr/usd/usd/stage.cpp -- In </World/envs/env_0/robot1/link3/visuals/link3/node_STL_BINARY_/mesh.material:binding>: The relationship target </Flattened_Prototype_9/camera/World/Looks/ID10> from </X5A/link3/visuals/link3/node_STL_BINARY_/mesh.material:binding> in layer @/root/rivermind-data/RoboDojo/Assets/Robots/x5/ARX.usd@ refers to a path outside the scope of the reference from </World/envs/env_0/robot1>.  Ignoring. (getting targets for relationship </World/envs/env_0/robot1/link3/visuals/link3/node_STL_BINARY_/mesh.material:binding> on stage @anon:0x55bc6915f840:World5.usd@ <0x55bc43b7e800>)

[INFO]: Time taken for simulation start : 0.920875 seconds
[INFO]: Completed setting up the environment...
[INFO] Resetting all environments
[Eval] unhandled exception during reset/run_eval: FileNotFoundError: [Errno 2] No such file or directory: 'ffmpeg'
Traceback (most recent call last):
  File "/root/rivermind-data/RoboDojo/src/eval_client/main.py", line 360, in main
    env.run_eval()
  File "/root/rivermind-data/RoboDojo/src/eval_client/eval_env.py", line 783, in run_eval
    self.eval_one_episode()
  File "/root/rivermind-data/RoboDojo/src/eval_client/eval_env.py", line 310, in eval_one_episode
    eval_module.eval_one_episode(TASK_ENV=self, model_client=self.model_client)
  File "/root/rivermind-data/RoboDojo/XPolicyLab/policy/demo_policy/deploy.py", line 6, in eval_one_episode
    obs = TASK_ENV.get_obs() # Get Observation
          ^^^^^^^^^^^^^^^^^^
  File "/root/rivermind-data/RoboDojo/src/eval_client/eval_env.py", line 267, in get_obs
    return self.get_obs_batch(env_idx_list=[0])[0]
           ^^^^^^^^^^^^^^^^^^^^^^^^^^^^^^^^^^^^
  File "/root/rivermind-data/RoboDojo/src/eval_client/eval_env.py", line 281, in get_obs_batch
    self._stream_vision(env_idx, data[env_idx])
  File "/root/rivermind-data/RoboDojo/src/eval_client/eval_env.py", line 894, in _stream_vision
    writers[cam_key] = VideoStreamWriter(tmp_path, height, width, channels, fps=fps)
                       ^^^^^^^^^^^^^^^^^^^^^^^^^^^^^^^^^^^^^^^^^^^^^^^^^^^^^^^^^^^^^
  File "/root/rivermind-data/RoboDojo/utils/save_file.py", line 55, in __init__
    self.proc = subprocess.Popen(
                ^^^^^^^^^^^^^^^^^
  File "/opt/conda/envs/isaaclab/lib/python3.11/subprocess.py", line 1026, in __init__
    self._execute_child(args, executable, preexec_fn, close_fds,
  File "/opt/conda/envs/isaaclab/lib/python3.11/subprocess.py", line 1955, in _execute_child
    raise child_exception_type(errno_num, err_msg, err_filename)
FileNotFoundError: [Errno 2] No such file or directory: 'ffmpeg'
Success nums: 0, Fail nums: 0, Unstable nums: 0
[INFO]: Parsing configuration from: env.environment.isaac.isaac_rl_env:IsaacRLEnvCfg

[36m======================================================================================[0m
[36m[1m[INFO][IsaacLab]: Logging to file: /tmp/isaaclab/logs/isaaclab_2026-10-08_21-17-32.log[0m
[36m======================================================================================[0m

[33m21:17:32 [simulation_context.py] WARNING: The `enable_external_forces_every_iteration` parameter in the PhysxCfg is set to False. If you are experiencing noisy velocities, consider enabling this flag. You may need to slightly increase the number of velocity iterations (setting it to 1 or 2 rather than 0), together with this flag, to improve the accuracy of velocity updates.[0m
[INFO]: Base environment:
	Environment device    : cpu
	Environment seed      : 6
	Physics step-size     : 0.004
	Rendering step-size   : 0.04
	Environment step-size : 0.004
2026-10-08T13:17:33Z [222,695ms] [Warning] [isaacsim.sensors.camera.camera] 'verticalAperture' (1.5290800094604493) and 'horizontalAperture' (2.0954999923706055) are inconsistent with the pixel resolution aspect ratio (1.3333333333333333). Setting 'verticalAperture' to 1.571624994277954 to ensure square pixels.
2026-10-08T13:17:33Z [222,706ms] [Warning] [isaacsim.sensors.camera.camera] 'verticalAperture' (1.5290800094604493) and 'horizontalAperture' (2.0954999923706055) are inconsistent with the pixel resolution aspect ratio (1.3333333333333333). Setting 'verticalAperture' to 1.571624994277954 to ensure square pixels.
2026-10-08T13:17:33Z [222,717ms] [Warning] [isaacsim.sensors.camera.camera] 'verticalAperture' (1.5290800094604493) and 'horizontalAperture' (2.0954999923706055) are inconsistent with the pixel resolution aspect ratio (1.3333333333333333). Setting 'verticalAperture' to 1.571624994277954 to ensure square pixels.
[INFO]: Time taken for scene creation : 0.382059 seconds
[INFO]: Scene manager:  <class InteractiveScene>
	Number of environments: 1
	Environment spacing   : 7
	Source prim name      : /World/envs/env_0
	Global prim paths     : []
	Replicate physics     : False
[INFO]: Starting the simulation. This may take a few seconds. Please wait...
2026-10-08T13:17:33Z [222,728ms] [Warning] [omni.usd] Warning: in _ReportErrors at line 3172 of /builds/omniverse/usd-ci/USD/pxr/usd/usd/stage.cpp -- In </World/envs/env_0/robot0/camera/visuals/camera/World/mesh.material:binding>: The relationship target </OmniKit_Viewport_LightRig/Looks/Ground_Material> from </X5A/camera/visuals/camera/World/mesh.material:binding> in layer @/root/rivermind-data/RoboDojo/Assets/Robots/x5/ARX.usd@ refers to a path outside the scope of the reference from </World/envs/env_0/robot0>.  Ignoring. (getting targets for relationship </World/envs/env_0/robot0/camera/visuals/camera/World/mesh.material:binding> on stage @anon:0x7f29b1ad9a10:World6.usd@ <0x55bc693b9800>)

2026-10-08T13:17:33Z [222,732ms] [Warning] [omni.usd] Warning: in _ReportErrors at line 3172 of /builds/omniverse/usd-ci/USD/pxr/usd/usd/stage.cpp -- In </World/envs/env_0/robot1/camera/visuals/camera/World/mesh.material:binding>: The relationship target </OmniKit_Viewport_LightRig/Looks/Ground_Material> from </X5A/camera/visuals/camera/World/mesh.material:binding> in layer @/root/rivermind-data/RoboDojo/Assets/Robots/x5/ARX.usd@ refers to a path outside the scope of the reference from </World/envs/env_0/robot1>.  Ignoring. (getting targets for relationship </World/envs/env_0/robot1/camera/visuals/camera/World/mesh.material:binding> on stage @anon:0x7f29b1ad9a10:World6.usd@ <0x55bc693b9800>)

2026-10-08T13:17:33Z [223,568ms] [Warning] [omni.usd] Warning: in _ReportErrors at line 3172 of /builds/omniverse/usd-ci/USD/pxr/usd/usd/stage.cpp -- In </World/envs/env_0/robot0/camera/visuals/camera/World/mesh.material:binding>: The relationship target </OmniKit_Viewport_LightRig/Looks/Ground_Material> from </X5A/camera/visuals/camera/World/mesh.material:binding> in layer @/root/rivermind-data/RoboDojo/Assets/Robots/x5/ARX.usd@ refers to a path outside the scope of the reference from </World/envs/env_0/robot0>.  Ignoring. (getting targets for relationship </World/envs/env_0/robot0/camera/visuals/camera/World/mesh.material:binding> on stage @anon:0x7f29b1ad9a10:World6.usd@ <0x55bc693b9800>)

2026-10-08T13:17:33Z [223,569ms] [Warning] [omni.usd] Warning: in _ReportErrors at line 3172 of /builds/omniverse/usd-ci/USD/pxr/usd/usd/stage.cpp -- In </World/envs/env_0/robot1/camera/visuals/camera/World/mesh.material:binding>: The relationship target </OmniKit_Viewport_LightRig/Looks/Ground_Material> from </X5A/camera/visuals/camera/World/mesh.material:binding> in layer @/root/rivermind-data/RoboDojo/Assets/Robots/x5/ARX.usd@ refers to a path outside the scope of the reference from </World/envs/env_0/robot1>.  Ignoring. (getting targets for relationship </World/envs/env_0/robot1/camera/visuals/camera/World/mesh.material:binding> on stage @anon:0x7f29b1ad9a10:World6.usd@ <0x55bc693b9800>)

2026-10-08T13:17:33Z [223,572ms] [Warning] [omni.usd] Warning (secondary thread): in _ReportErrors at line 3172 of /builds/omniverse/usd-ci/USD/pxr/usd/usd/stage.cpp -- In </World/envs/env_0/robot0/camera/visuals/camera/World/mesh.material:binding>: The relationship target </OmniKit_Viewport_LightRig/Looks/Ground_Material> from </X5A/camera/visuals/camera/World/mesh.material:binding> in layer @/root/rivermind-data/RoboDojo/Assets/Robots/x5/ARX.usd@ refers to a path outside the scope of the reference from </World/envs/env_0/robot0>.  Ignoring. (getting targets for relationship </World/envs/env_0/robot0/camera/visuals/camera/World/mesh.material:binding> on stage @anon:0x7f29b1ad9a10:World6.usd@ <0x55bc693b9800>)

2026-10-08T13:17:33Z [223,572ms] [Warning] [omni.usd] Warning (secondary thread): in _ReportErrors at line 3172 of /builds/omniverse/usd-ci/USD/pxr/usd/usd/stage.cpp -- In </World/envs/env_0/robot0/link3/visuals/link3/node_STL_BINARY_/mesh.material:binding>: The relationship target </Flattened_Prototype_9/camera/World/Looks/ID10> from </X5A/link3/visuals/link3/node_STL_BINARY_/mesh.material:binding> in layer @/root/rivermind-data/RoboDojo/Assets/Robots/x5/ARX.usd@ refers to a path outside the scope of the reference from </World/envs/env_0/robot0>.  Ignoring. (getting targets for relationship </World/envs/env_0/robot0/link3/visuals/link3/node_STL_BINARY_/mesh.material:binding> on stage @anon:0x7f29b1ad9a10:World6.usd@ <0x55bc693b9800>)

2026-10-08T13:17:33Z [223,573ms] [Warning] [omni.usd] Warning (secondary thread): in _ReportErrors at line 3172 of /builds/omniverse/usd-ci/USD/pxr/usd/usd/stage.cpp -- In </World/envs/env_0/robot1/camera/visuals/camera/World/mesh.material:binding>: The relationship target </OmniKit_Viewport_LightRig/Looks/Ground_Material> from </X5A/camera/visuals/camera/World/mesh.material:binding> in layer @/root/rivermind-data/RoboDojo/Assets/Robots/x5/ARX.usd@ refers to a path outside the scope of the reference from </World/envs/env_0/robot1>.  Ignoring. (getting targets for relationship </World/envs/env_0/robot1/camera/visuals/camera/World/mesh.material:binding> on stage @anon:0x7f29b1ad9a10:World6.usd@ <0x55bc693b9800>)

2026-10-08T13:17:33Z [223,574ms] [Warning] [omni.usd] Warning (secondary thread): in _ReportErrors at line 3172 of /builds/omniverse/usd-ci/USD/pxr/usd/usd/stage.cpp -- In </World/envs/env_0/robot1/link3/visuals/link3/node_STL_BINARY_/mesh.material:binding>: The relationship target </Flattened_Prototype_9/camera/World/Looks/ID10> from </X5A/link3/visuals/link3/node_STL_BINARY_/mesh.material:binding> in layer @/root/rivermind-data/RoboDojo/Assets/Robots/x5/ARX.usd@ refers to a path outside the scope of the reference from </World/envs/env_0/robot1>.  Ignoring. (getting targets for relationship </World/envs/env_0/robot1/link3/visuals/link3/node_STL_BINARY_/mesh.material:binding> on stage @anon:0x7f29b1ad9a10:World6.usd@ <0x55bc693b9800>)

[INFO]: Time taken for simulation start : 0.934996 seconds
[INFO]: Completed setting up the environment...
[INFO] Resetting all environments
[Eval] unhandled exception during reset/run_eval: FileNotFoundError: [Errno 2] No such file or directory: 'ffmpeg'
Traceback (most recent call last):
  File "/root/rivermind-data/RoboDojo/src/eval_client/main.py", line 360, in main
    env.run_eval()
  File "/root/rivermind-data/RoboDojo/src/eval_client/eval_env.py", line 783, in run_eval
    self.eval_one_episode()
  File "/root/rivermind-data/RoboDojo/src/eval_client/eval_env.py", line 310, in eval_one_episode
    eval_module.eval_one_episode(TASK_ENV=self, model_client=self.model_client)
  File "/root/rivermind-data/RoboDojo/XPolicyLab/policy/demo_policy/deploy.py", line 6, in eval_one_episode
    obs = TASK_ENV.get_obs() # Get Observation
          ^^^^^^^^^^^^^^^^^^
  File "/root/rivermind-data/RoboDojo/src/eval_client/eval_env.py", line 267, in get_obs
    return self.get_obs_batch(env_idx_list=[0])[0]
           ^^^^^^^^^^^^^^^^^^^^^^^^^^^^^^^^^^^^
  File "/root/rivermind-data/RoboDojo/src/eval_client/eval_env.py", line 281, in get_obs_batch
    self._stream_vision(env_idx, data[env_idx])
  File "/root/rivermind-data/RoboDojo/src/eval_client/eval_env.py", line 894, in _stream_vision
    writers[cam_key] = VideoStreamWriter(tmp_path, height, width, channels, fps=fps)
                       ^^^^^^^^^^^^^^^^^^^^^^^^^^^^^^^^^^^^^^^^^^^^^^^^^^^^^^^^^^^^^
  File "/root/rivermind-data/RoboDojo/utils/save_file.py", line 55, in __init__
    self.proc = subprocess.Popen(
                ^^^^^^^^^^^^^^^^^
  File "/opt/conda/envs/isaaclab/lib/python3.11/subprocess.py", line 1026, in __init__
    self._execute_child(args, executable, preexec_fn, close_fds,
  File "/opt/conda/envs/isaaclab/lib/python3.11/subprocess.py", line 1955, in _execute_child
    raise child_exception_type(errno_num, err_msg, err_filename)
FileNotFoundError: [Errno 2] No such file or directory: 'ffmpeg'
Success nums: 0, Fail nums: 0, Unstable nums: 0
[INFO]: Parsing configuration from: env.environment.isaac.isaac_rl_env:IsaacRLEnvCfg

[36m======================================================================================[0m
[36m[1m[INFO][IsaacLab]: Logging to file: /tmp/isaaclab/logs/isaaclab_2026-10-08_21-17-54.log[0m
[36m======================================================================================[0m

[33m21:17:54 [simulation_context.py] WARNING: The `enable_external_forces_every_iteration` parameter in the PhysxCfg is set to False. If you are experiencing noisy velocities, consider enabling this flag. You may need to slightly increase the number of velocity iterations (setting it to 1 or 2 rather than 0), together with this flag, to improve the accuracy of velocity updates.[0m
[INFO]: Base environment:
	Environment device    : cpu
	Environment seed      : 7
	Physics step-size     : 0.004
	Rendering step-size   : 0.04
	Environment step-size : 0.004
2026-10-08T13:17:54Z [244,560ms] [Warning] [isaacsim.sensors.camera.camera] 'verticalAperture' (1.5290800094604493) and 'horizontalAperture' (2.0954999923706055) are inconsistent with the pixel resolution aspect ratio (1.3333333333333333). Setting 'verticalAperture' to 1.571624994277954 to ensure square pixels.
2026-10-08T13:17:54Z [244,571ms] [Warning] [isaacsim.sensors.camera.camera] 'verticalAperture' (1.5290800094604493) and 'horizontalAperture' (2.0954999923706055) are inconsistent with the pixel resolution aspect ratio (1.3333333333333333). Setting 'verticalAperture' to 1.571624994277954 to ensure square pixels.
2026-10-08T13:17:54Z [244,582ms] [Warning] [isaacsim.sensors.camera.camera] 'verticalAperture' (1.5290800094604493) and 'horizontalAperture' (2.0954999923706055) are inconsistent with the pixel resolution aspect ratio (1.3333333333333333). Setting 'verticalAperture' to 1.571624994277954 to ensure square pixels.
[INFO]: Time taken for scene creation : 0.383162 seconds
[INFO]: Scene manager:  <class InteractiveScene>
	Number of environments: 1
	Environment spacing   : 7
	Source prim name      : /World/envs/env_0
	Global prim paths     : []
	Replicate physics     : False
[INFO]: Starting the simulation. This may take a few seconds. Please wait...
2026-10-08T13:17:54Z [244,595ms] [Warning] [omni.usd] Warning: in _ReportErrors at line 3172 of /builds/omniverse/usd-ci/USD/pxr/usd/usd/stage.cpp -- In </World/envs/env_0/robot0/camera/visuals/camera/World/mesh.material:binding>: The relationship target </OmniKit_Viewport_LightRig/Looks/Ground_Material> from </X5A/camera/visuals/camera/World/mesh.material:binding> in layer @/root/rivermind-data/RoboDojo/Assets/Robots/x5/ARX.usd@ refers to a path outside the scope of the reference from </World/envs/env_0/robot0>.  Ignoring. (getting targets for relationship </World/envs/env_0/robot0/camera/visuals/camera/World/mesh.material:binding> on stage @anon:0x7f1192e2f720:World7.usd@ <0x55bc42b150e0>)

2026-10-08T13:17:54Z [244,602ms] [Warning] [omni.usd] Warning: in _ReportErrors at line 3172 of /builds/omniverse/usd-ci/USD/pxr/usd/usd/stage.cpp -- In </World/envs/env_0/robot1/camera/visuals/camera/World/mesh.material:binding>: The relationship target </OmniKit_Viewport_LightRig/Looks/Ground_Material> from </X5A/camera/visuals/camera/World/mesh.material:binding> in layer @/root/rivermind-data/RoboDojo/Assets/Robots/x5/ARX.usd@ refers to a path outside the scope of the reference from </World/envs/env_0/robot1>.  Ignoring. (getting targets for relationship </World/envs/env_0/robot1/camera/visuals/camera/World/mesh.material:binding> on stage @anon:0x7f1192e2f720:World7.usd@ <0x55bc42b150e0>)

2026-10-08T13:17:55Z [245,448ms] [Warning] [omni.usd] Warning: in _ReportErrors at line 3172 of /builds/omniverse/usd-ci/USD/pxr/usd/usd/stage.cpp -- In </World/envs/env_0/robot0/camera/visuals/camera/World/mesh.material:binding>: The relationship target </OmniKit_Viewport_LightRig/Looks/Ground_Material> from </X5A/camera/visuals/camera/World/mesh.material:binding> in layer @/root/rivermind-data/RoboDojo/Assets/Robots/x5/ARX.usd@ refers to a path outside the scope of the reference from </World/envs/env_0/robot0>.  Ignoring. (getting targets for relationship </World/envs/env_0/robot0/camera/visuals/camera/World/mesh.material:binding> on stage @anon:0x7f1192e2f720:World7.usd@ <0x55bc42b150e0>)

2026-10-08T13:17:55Z [245,448ms] [Warning] [omni.usd] Warning: in _ReportErrors at line 3172 of /builds/omniverse/usd-ci/USD/pxr/usd/usd/stage.cpp -- In </World/envs/env_0/robot1/camera/visuals/camera/World/mesh.material:binding>: The relationship target </OmniKit_Viewport_LightRig/Looks/Ground_Material> from </X5A/camera/visuals/camera/World/mesh.material:binding> in layer @/root/rivermind-data/RoboDojo/Assets/Robots/x5/ARX.usd@ refers to a path outside the scope of the reference from </World/envs/env_0/robot1>.  Ignoring. (getting targets for relationship </World/envs/env_0/robot1/camera/visuals/camera/World/mesh.material:binding> on stage @anon:0x7f1192e2f720:World7.usd@ <0x55bc42b150e0>)

2026-10-08T13:17:55Z [245,451ms] [Warning] [omni.usd] Warning (secondary thread): in _ReportErrors at line 3172 of /builds/omniverse/usd-ci/USD/pxr/usd/usd/stage.cpp -- In </World/envs/env_0/robot1/link3/visuals/link3/node_STL_BINARY_/mesh.material:binding>: The relationship target </Flattened_Prototype_9/camera/World/Looks/ID10> from </X5A/link3/visuals/link3/node_STL_BINARY_/mesh.material:binding> in layer @/root/rivermind-data/RoboDojo/Assets/Robots/x5/ARX.usd@ refers to a path outside the scope of the reference from </World/envs/env_0/robot1>.  Ignoring. (getting targets for relationship </World/envs/env_0/robot1/link3/visuals/link3/node_STL_BINARY_/mesh.material:binding> on stage @anon:0x7f1192e2f720:World7.usd@ <0x55bc42b150e0>)

2026-10-08T13:17:55Z [245,451ms] [Warning] [omni.usd] Warning (secondary thread): in _ReportErrors at line 3172 of /builds/omniverse/usd-ci/USD/pxr/usd/usd/stage.cpp -- In </World/envs/env_0/robot0/camera/visuals/camera/World/mesh.material:binding>: The relationship target </OmniKit_Viewport_LightRig/Looks/Ground_Material> from </X5A/camera/visuals/camera/World/mesh.material:binding> in layer @/root/rivermind-data/RoboDojo/Assets/Robots/x5/ARX.usd@ refers to a path outside the scope of the reference from </World/envs/env_0/robot0>.  Ignoring. (getting targets for relationship </World/envs/env_0/robot0/camera/visuals/camera/World/mesh.material:binding> on stage @anon:0x7f1192e2f720:World7.usd@ <0x55bc42b150e0>)

2026-10-08T13:17:55Z [245,452ms] [Warning] [omni.usd] Warning (secondary thread): in _ReportErrors at line 3172 of /builds/omniverse/usd-ci/USD/pxr/usd/usd/stage.cpp -- In </World/envs/env_0/robot1/camera/visuals/camera/World/mesh.material:binding>: The relationship target </OmniKit_Viewport_LightRig/Looks/Ground_Material> from </X5A/camera/visuals/camera/World/mesh.material:binding> in layer @/root/rivermind-data/RoboDojo/Assets/Robots/x5/ARX.usd@ refers to a path outside the scope of the reference from </World/envs/env_0/robot1>.  Ignoring. (getting targets for relationship </World/envs/env_0/robot1/camera/visuals/camera/World/mesh.material:binding> on stage @anon:0x7f1192e2f720:World7.usd@ <0x55bc42b150e0>)

2026-10-08T13:17:55Z [245,453ms] [Warning] [omni.usd] Warning (secondary thread): in _ReportErrors at line 3172 of /builds/omniverse/usd-ci/USD/pxr/usd/usd/stage.cpp -- In </World/envs/env_0/robot0/link3/visuals/link3/node_STL_BINARY_/mesh.material:binding>: The relationship target </Flattened_Prototype_9/camera/World/Looks/ID10> from </X5A/link3/visuals/link3/node_STL_BINARY_/mesh.material:binding> in layer @/root/rivermind-data/RoboDojo/Assets/Robots/x5/ARX.usd@ refers to a path outside the scope of the reference from </World/envs/env_0/robot0>.  Ignoring. (getting targets for relationship </World/envs/env_0/robot0/link3/visuals/link3/node_STL_BINARY_/mesh.material:binding> on stage @anon:0x7f1192e2f720:World7.usd@ <0x55bc42b150e0>)

[INFO]: Time taken for simulation start : 0.949679 seconds
[INFO]: Completed setting up the environment...
[INFO] Resetting all environments
[Eval] unhandled exception during reset/run_eval: FileNotFoundError: [Errno 2] No such file or directory: 'ffmpeg'
Traceback (most recent call last):
  File "/root/rivermind-data/RoboDojo/src/eval_client/main.py", line 360, in main
    env.run_eval()
  File "/root/rivermind-data/RoboDojo/src/eval_client/eval_env.py", line 783, in run_eval
    self.eval_one_episode()
  File "/root/rivermind-data/RoboDojo/src/eval_client/eval_env.py", line 310, in eval_one_episode
    eval_module.eval_one_episode(TASK_ENV=self, model_client=self.model_client)
  File "/root/rivermind-data/RoboDojo/XPolicyLab/policy/demo_policy/deploy.py", line 6, in eval_one_episode
    obs = TASK_ENV.get_obs() # Get Observation
          ^^^^^^^^^^^^^^^^^^
  File "/root/rivermind-data/RoboDojo/src/eval_client/eval_env.py", line 267, in get_obs
    return self.get_obs_batch(env_idx_list=[0])[0]
           ^^^^^^^^^^^^^^^^^^^^^^^^^^^^^^^^^^^^
  File "/root/rivermind-data/RoboDojo/src/eval_client/eval_env.py", line 281, in get_obs_batch
    self._stream_vision(env_idx, data[env_idx])
  File "/root/rivermind-data/RoboDojo/src/eval_client/eval_env.py", line 894, in _stream_vision
    writers[cam_key] = VideoStreamWriter(tmp_path, height, width, channels, fps=fps)
                       ^^^^^^^^^^^^^^^^^^^^^^^^^^^^^^^^^^^^^^^^^^^^^^^^^^^^^^^^^^^^^
  File "/root/rivermind-data/RoboDojo/utils/save_file.py", line 55, in __init__
    self.proc = subprocess.Popen(
                ^^^^^^^^^^^^^^^^^
  File "/opt/conda/envs/isaaclab/lib/python3.11/subprocess.py", line 1026, in __init__
    self._execute_child(args, executable, preexec_fn, close_fds,
  File "/opt/conda/envs/isaaclab/lib/python3.11/subprocess.py", line 1955, in _execute_child
    raise child_exception_type(errno_num, err_msg, err_filename)
FileNotFoundError: [Errno 2] No such file or directory: 'ffmpeg'
Success nums: 0, Fail nums: 0, Unstable nums: 0
[INFO]: Parsing configuration from: env.environment.isaac.isaac_rl_env:IsaacRLEnvCfg

[36m======================================================================================[0m
[36m[1m[INFO][IsaacLab]: Logging to file: /tmp/isaaclab/logs/isaaclab_2026-10-08_21-18-08.log[0m
[36m======================================================================================[0m

[33m21:18:09 [simulation_context.py] WARNING: The `enable_external_forces_every_iteration` parameter in the PhysxCfg is set to False. If you are experiencing noisy velocities, consider enabling this flag. You may need to slightly increase the number of velocity iterations (setting it to 1 or 2 rather than 0), together with this flag, to improve the accuracy of velocity updates.[0m
[INFO]: Base environment:
	Environment device    : cpu
	Environment seed      : 8
	Physics step-size     : 0.004
	Rendering step-size   : 0.04
	Environment step-size : 0.004
2026-10-08T13:18:09Z [259,064ms] [Warning] [isaacsim.sensors.camera.camera] 'verticalAperture' (1.5290800094604493) and 'horizontalAperture' (2.0954999923706055) are inconsistent with the pixel resolution aspect ratio (1.3333333333333333). Setting 'verticalAperture' to 1.571624994277954 to ensure square pixels.
2026-10-08T13:18:09Z [259,075ms] [Warning] [isaacsim.sensors.camera.camera] 'verticalAperture' (1.5290800094604493) and 'horizontalAperture' (2.0954999923706055) are inconsistent with the pixel resolution aspect ratio (1.3333333333333333). Setting 'verticalAperture' to 1.571624994277954 to ensure square pixels.
2026-10-08T13:18:09Z [259,085ms] [Warning] [isaacsim.sensors.camera.camera] 'verticalAperture' (1.5290800094604493) and 'horizontalAperture' (2.0954999923706055) are inconsistent with the pixel resolution aspect ratio (1.3333333333333333). Setting 'verticalAperture' to 1.571624994277954 to ensure square pixels.
[INFO]: Time taken for scene creation : 0.377282 seconds
[INFO]: Scene manager:  <class InteractiveScene>
	Number of environments: 1
	Environment spacing   : 7
	Source prim name      : /World/envs/env_0
	Global prim paths     : []
	Replicate physics     : False
[INFO]: Starting the simulation. This may take a few seconds. Please wait...
2026-10-08T13:18:09Z [259,099ms] [Warning] [omni.usd] Warning: in _ReportErrors at line 3172 of /builds/omniverse/usd-ci/USD/pxr/usd/usd/stage.cpp -- In </World/envs/env_0/robot0/camera/visuals/camera/World/mesh.material:binding>: The relationship target </OmniKit_Viewport_LightRig/Looks/Ground_Material> from </X5A/camera/visuals/camera/World/mesh.material:binding> in layer @/root/rivermind-data/RoboDojo/Assets/Robots/x5/ARX.usd@ refers to a path outside the scope of the reference from </World/envs/env_0/robot0>.  Ignoring. (getting targets for relationship </World/envs/env_0/robot0/camera/visuals/camera/World/mesh.material:binding> on stage @anon:0x55bc6fa84ec0:World8.usd@ <0x55bc70f2e5c0>)

2026-10-08T13:18:09Z [259,106ms] [Warning] [omni.usd] Warning: in _ReportErrors at line 3172 of /builds/omniverse/usd-ci/USD/pxr/usd/usd/stage.cpp -- In </World/envs/env_0/robot1/camera/visuals/camera/World/mesh.material:binding>: The relationship target </OmniKit_Viewport_LightRig/Looks/Ground_Material> from </X5A/camera/visuals/camera/World/mesh.material:binding> in layer @/root/rivermind-data/RoboDojo/Assets/Robots/x5/ARX.usd@ refers to a path outside the scope of the reference from </World/envs/env_0/robot1>.  Ignoring. (getting targets for relationship </World/envs/env_0/robot1/camera/visuals/camera/World/mesh.material:binding> on stage @anon:0x55bc6fa84ec0:World8.usd@ <0x55bc70f2e5c0>)

2026-10-08T13:18:10Z [259,977ms] [Warning] [omni.usd] Warning: in _ReportErrors at line 3172 of /builds/omniverse/usd-ci/USD/pxr/usd/usd/stage.cpp -- In </World/envs/env_0/robot0/camera/visuals/camera/World/mesh.material:binding>: The relationship target </OmniKit_Viewport_LightRig/Looks/Ground_Material> from </X5A/camera/visuals/camera/World/mesh.material:binding> in layer @/root/rivermind-data/RoboDojo/Assets/Robots/x5/ARX.usd@ refers to a path outside the scope of the reference from </World/envs/env_0/robot0>.  Ignoring. (getting targets for relationship </World/envs/env_0/robot0/camera/visuals/camera/World/mesh.material:binding> on stage @anon:0x55bc6fa84ec0:World8.usd@ <0x55bc70f2e5c0>)

2026-10-08T13:18:10Z [259,977ms] [Warning] [omni.usd] Warning: in _ReportErrors at line 3172 of /builds/omniverse/usd-ci/USD/pxr/usd/usd/stage.cpp -- In </World/envs/env_0/robot1/camera/visuals/camera/World/mesh.material:binding>: The relationship target </OmniKit_Viewport_LightRig/Looks/Ground_Material> from </X5A/camera/visuals/camera/World/mesh.material:binding> in layer @/root/rivermind-data/RoboDojo/Assets/Robots/x5/ARX.usd@ refers to a path outside the scope of the reference from </World/envs/env_0/robot1>.  Ignoring. (getting targets for relationship </World/envs/env_0/robot1/camera/visuals/camera/World/mesh.material:binding> on stage @anon:0x55bc6fa84ec0:World8.usd@ <0x55bc70f2e5c0>)

2026-10-08T13:18:10Z [259,980ms] [Warning] [omni.usd] Warning (secondary thread): in _ReportErrors at line 3172 of /builds/omniverse/usd-ci/USD/pxr/usd/usd/stage.cpp -- In </World/envs/env_0/robot0/camera/visuals/camera/World/mesh.material:binding>: The relationship target </OmniKit_Viewport_LightRig/Looks/Ground_Material> from </X5A/camera/visuals/camera/World/mesh.material:binding> in layer @/root/rivermind-data/RoboDojo/Assets/Robots/x5/ARX.usd@ refers to a path outside the scope of the reference from </World/envs/env_0/robot0>.  Ignoring. (getting targets for relationship </World/envs/env_0/robot0/camera/visuals/camera/World/mesh.material:binding> on stage @anon:0x55bc6fa84ec0:World8.usd@ <0x55bc70f2e5c0>)

2026-10-08T13:18:10Z [259,980ms] [Warning] [omni.usd] Warning (secondary thread): in _ReportErrors at line 3172 of /builds/omniverse/usd-ci/USD/pxr/usd/usd/stage.cpp -- In </World/envs/env_0/robot0/link3/visuals/link3/node_STL_BINARY_/mesh.material:binding>: The relationship target </Flattened_Prototype_9/camera/World/Looks/ID10> from </X5A/link3/visuals/link3/node_STL_BINARY_/mesh.material:binding> in layer @/root/rivermind-data/RoboDojo/Assets/Robots/x5/ARX.usd@ refers to a path outside the scope of the reference from </World/envs/env_0/robot0>.  Ignoring. (getting targets for relationship </World/envs/env_0/robot0/link3/visuals/link3/node_STL_BINARY_/mesh.material:binding> on stage @anon:0x55bc6fa84ec0:World8.usd@ <0x55bc70f2e5c0>)

2026-10-08T13:18:10Z [259,981ms] [Warning] [omni.usd] Warning (secondary thread): in _ReportErrors at line 3172 of /builds/omniverse/usd-ci/USD/pxr/usd/usd/stage.cpp -- In </World/envs/env_0/robot1/link3/visuals/link3/node_STL_BINARY_/mesh.material:binding>: The relationship target </Flattened_Prototype_9/camera/World/Looks/ID10> from </X5A/link3/visuals/link3/node_STL_BINARY_/mesh.material:binding> in layer @/root/rivermind-data/RoboDojo/Assets/Robots/x5/ARX.usd@ refers to a path outside the scope of the reference from </World/envs/env_0/robot1>.  Ignoring. (getting targets for relationship </World/envs/env_0/robot1/link3/visuals/link3/node_STL_BINARY_/mesh.material:binding> on stage @anon:0x55bc6fa84ec0:World8.usd@ <0x55bc70f2e5c0>)

2026-10-08T13:18:10Z [259,982ms] [Warning] [omni.usd] Warning (secondary thread): in _ReportErrors at line 3172 of /builds/omniverse/usd-ci/USD/pxr/usd/usd/stage.cpp -- In </World/envs/env_0/robot1/camera/visuals/camera/World/mesh.material:binding>: The relationship target </OmniKit_Viewport_LightRig/Looks/Ground_Material> from </X5A/camera/visuals/camera/World/mesh.material:binding> in layer @/root/rivermind-data/RoboDojo/Assets/Robots/x5/ARX.usd@ refers to a path outside the scope of the reference from </World/envs/env_0/robot1>.  Ignoring. (getting targets for relationship </World/envs/env_0/robot1/camera/visuals/camera/World/mesh.material:binding> on stage @anon:0x55bc6fa84ec0:World8.usd@ <0x55bc70f2e5c0>)

[INFO]: Time taken for simulation start : 0.968467 seconds
[INFO]: Completed setting up the environment...
[INFO] Resetting all environments
[Eval] unhandled exception during reset/run_eval: FileNotFoundError: [Errno 2] No such file or directory: 'ffmpeg'
Traceback (most recent call last):
  File "/root/rivermind-data/RoboDojo/src/eval_client/main.py", line 360, in main
    env.run_eval()
  File "/root/rivermind-data/RoboDojo/src/eval_client/eval_env.py", line 783, in run_eval
    self.eval_one_episode()
  File "/root/rivermind-data/RoboDojo/src/eval_client/eval_env.py", line 310, in eval_one_episode
    eval_module.eval_one_episode(TASK_ENV=self, model_client=self.model_client)
  File "/root/rivermind-data/RoboDojo/XPolicyLab/policy/demo_policy/deploy.py", line 6, in eval_one_episode
    obs = TASK_ENV.get_obs() # Get Observation
          ^^^^^^^^^^^^^^^^^^
  File "/root/rivermind-data/RoboDojo/src/eval_client/eval_env.py", line 267, in get_obs
    return self.get_obs_batch(env_idx_list=[0])[0]
           ^^^^^^^^^^^^^^^^^^^^^^^^^^^^^^^^^^^^
  File "/root/rivermind-data/RoboDojo/src/eval_client/eval_env.py", line 281, in get_obs_batch
    self._stream_vision(env_idx, data[env_idx])
  File "/root/rivermind-data/RoboDojo/src/eval_client/eval_env.py", line 894, in _stream_vision
    writers[cam_key] = VideoStreamWriter(tmp_path, height, width, channels, fps=fps)
                       ^^^^^^^^^^^^^^^^^^^^^^^^^^^^^^^^^^^^^^^^^^^^^^^^^^^^^^^^^^^^^
  File "/root/rivermind-data/RoboDojo/utils/save_file.py", line 55, in __init__
    self.proc = subprocess.Popen(
                ^^^^^^^^^^^^^^^^^
  File "/opt/conda/envs/isaaclab/lib/python3.11/subprocess.py", line 1026, in __init__
    self._execute_child(args, executable, preexec_fn, close_fds,
  File "/opt/conda/envs/isaaclab/lib/python3.11/subprocess.py", line 1955, in _execute_child
    raise child_exception_type(errno_num, err_msg, err_filename)
FileNotFoundError: [Errno 2] No such file or directory: 'ffmpeg'
Success nums: 0, Fail nums: 0, Unstable nums: 0
[INFO]: Parsing configuration from: env.environment.isaac.isaac_rl_env:IsaacRLEnvCfg

[36m======================================================================================[0m
[36m[1m[INFO][IsaacLab]: Logging to file: /tmp/isaaclab/logs/isaaclab_2026-10-08_21-18-29.log[0m
[36m======================================================================================[0m

[33m21:18:30 [simulation_context.py] WARNING: The `enable_external_forces_every_iteration` parameter in the PhysxCfg is set to False. If you are experiencing noisy velocities, consider enabling this flag. You may need to slightly increase the number of velocity iterations (setting it to 1 or 2 rather than 0), together with this flag, to improve the accuracy of velocity updates.[0m
[INFO]: Base environment:
	Environment device    : cpu
	Environment seed      : 9
	Physics step-size     : 0.004
	Rendering step-size   : 0.04
	Environment step-size : 0.004
2026-10-08T13:18:30Z [280,096ms] [Warning] [isaacsim.sensors.camera.camera] 'verticalAperture' (1.5290800094604493) and 'horizontalAperture' (2.0954999923706055) are inconsistent with the pixel resolution aspect ratio (1.3333333333333333). Setting 'verticalAperture' to 1.571624994277954 to ensure square pixels.
2026-10-08T13:18:30Z [280,107ms] [Warning] [isaacsim.sensors.camera.camera] 'verticalAperture' (1.5290800094604493) and 'horizontalAperture' (2.0954999923706055) are inconsistent with the pixel resolution aspect ratio (1.3333333333333333). Setting 'verticalAperture' to 1.571624994277954 to ensure square pixels.
2026-10-08T13:18:30Z [280,118ms] [Warning] [isaacsim.sensors.camera.camera] 'verticalAperture' (1.5290800094604493) and 'horizontalAperture' (2.0954999923706055) are inconsistent with the pixel resolution aspect ratio (1.3333333333333333). Setting 'verticalAperture' to 1.571624994277954 to ensure square pixels.
[INFO]: Time taken for scene creation : 0.380570 seconds
[INFO]: Scene manager:  <class InteractiveScene>
	Number of environments: 1
	Environment spacing   : 7
	Source prim name      : /World/envs/env_0
	Global prim paths     : []
	Replicate physics     : False
[INFO]: Starting the simulation. This may take a few seconds. Please wait...
2026-10-08T13:18:30Z [280,131ms] [Warning] [omni.usd] Warning: in _ReportErrors at line 3172 of /builds/omniverse/usd-ci/USD/pxr/usd/usd/stage.cpp -- In </World/envs/env_0/robot0/camera/visuals/camera/World/mesh.material:binding>: The relationship target </OmniKit_Viewport_LightRig/Looks/Ground_Material> from </X5A/camera/visuals/camera/World/mesh.material:binding> in layer @/root/rivermind-data/RoboDojo/Assets/Robots/x5/ARX.usd@ refers to a path outside the scope of the reference from </World/envs/env_0/robot0>.  Ignoring. (getting targets for relationship </World/envs/env_0/robot0/camera/visuals/camera/World/mesh.material:binding> on stage @anon:0x7f29e2acc800:World9.usd@ <0x55bc70f2e5c0>)

2026-10-08T13:18:30Z [280,140ms] [Warning] [omni.usd] Warning: in _ReportErrors at line 3172 of /builds/omniverse/usd-ci/USD/pxr/usd/usd/stage.cpp -- In </World/envs/env_0/robot1/camera/visuals/camera/World/mesh.material:binding>: The relationship target </OmniKit_Viewport_LightRig/Looks/Ground_Material> from </X5A/camera/visuals/camera/World/mesh.material:binding> in layer @/root/rivermind-data/RoboDojo/Assets/Robots/x5/ARX.usd@ refers to a path outside the scope of the reference from </World/envs/env_0/robot1>.  Ignoring. (getting targets for relationship </World/envs/env_0/robot1/camera/visuals/camera/World/mesh.material:binding> on stage @anon:0x7f29e2acc800:World9.usd@ <0x55bc70f2e5c0>)

2026-10-08T13:18:31Z [280,989ms] [Warning] [omni.usd] Warning: in _ReportErrors at line 3172 of /builds/omniverse/usd-ci/USD/pxr/usd/usd/stage.cpp -- In </World/envs/env_0/robot0/camera/visuals/camera/World/mesh.material:binding>: The relationship target </OmniKit_Viewport_LightRig/Looks/Ground_Material> from </X5A/camera/visuals/camera/World/mesh.material:binding> in layer @/root/rivermind-data/RoboDojo/Assets/Robots/x5/ARX.usd@ refers to a path outside the scope of the reference from </World/envs/env_0/robot0>.  Ignoring. (getting targets for relationship </World/envs/env_0/robot0/camera/visuals/camera/World/mesh.material:binding> on stage @anon:0x7f29e2acc800:World9.usd@ <0x55bc70f2e5c0>)

2026-10-08T13:18:31Z [280,989ms] [Warning] [omni.usd] Warning: in _ReportErrors at line 3172 of /builds/omniverse/usd-ci/USD/pxr/usd/usd/stage.cpp -- In </World/envs/env_0/robot1/camera/visuals/camera/World/mesh.material:binding>: The relationship target </OmniKit_Viewport_LightRig/Looks/Ground_Material> from </X5A/camera/visuals/camera/World/mesh.material:binding> in layer @/root/rivermind-data/RoboDojo/Assets/Robots/x5/ARX.usd@ refers to a path outside the scope of the reference from </World/envs/env_0/robot1>.  Ignoring. (getting targets for relationship </World/envs/env_0/robot1/camera/visuals/camera/World/mesh.material:binding> on stage @anon:0x7f29e2acc800:World9.usd@ <0x55bc70f2e5c0>)

2026-10-08T13:18:31Z [280,993ms] [Warning] [omni.usd] Warning (secondary thread): in _ReportErrors at line 3172 of /builds/omniverse/usd-ci/USD/pxr/usd/usd/stage.cpp -- In </World/envs/env_0/robot0/camera/visuals/camera/World/mesh.material:binding>: The relationship target </OmniKit_Viewport_LightRig/Looks/Ground_Material> from </X5A/camera/visuals/camera/World/mesh.material:binding> in layer @/root/rivermind-data/RoboDojo/Assets/Robots/x5/ARX.usd@ refers to a path outside the scope of the reference from </World/envs/env_0/robot0>.  Ignoring. (getting targets for relationship </World/envs/env_0/robot0/camera/visuals/camera/World/mesh.material:binding> on stage @anon:0x7f29e2acc800:World9.usd@ <0x55bc70f2e5c0>)

2026-10-08T13:18:31Z [280,993ms] [Warning] [omni.usd] Warning (secondary thread): in _ReportErrors at line 3172 of /builds/omniverse/usd-ci/USD/pxr/usd/usd/stage.cpp -- In </World/envs/env_0/robot0/link3/visuals/link3/node_STL_BINARY_/mesh.material:binding>: The relationship target </Flattened_Prototype_9/camera/World/Looks/ID10> from </X5A/link3/visuals/link3/node_STL_BINARY_/mesh.material:binding> in layer @/root/rivermind-data/RoboDojo/Assets/Robots/x5/ARX.usd@ refers to a path outside the scope of the reference from </World/envs/env_0/robot0>.  Ignoring. (getting targets for relationship </World/envs/env_0/robot0/link3/visuals/link3/node_STL_BINARY_/mesh.material:binding> on stage @anon:0x7f29e2acc800:World9.usd@ <0x55bc70f2e5c0>)

2026-10-08T13:18:31Z [280,994ms] [Warning] [omni.usd] Warning (secondary thread): in _ReportErrors at line 3172 of /builds/omniverse/usd-ci/USD/pxr/usd/usd/stage.cpp -- In </World/envs/env_0/robot1/camera/visuals/camera/World/mesh.material:binding>: The relationship target </OmniKit_Viewport_LightRig/Looks/Ground_Material> from </X5A/camera/visuals/camera/World/mesh.material:binding> in layer @/root/rivermind-data/RoboDojo/Assets/Robots/x5/ARX.usd@ refers to a path outside the scope of the reference from </World/envs/env_0/robot1>.  Ignoring. (getting targets for relationship </World/envs/env_0/robot1/camera/visuals/camera/World/mesh.material:binding> on stage @anon:0x7f29e2acc800:World9.usd@ <0x55bc70f2e5c0>)

2026-10-08T13:18:31Z [280,994ms] [Warning] [omni.usd] Warning (secondary thread): in _ReportErrors at line 3172 of /builds/omniverse/usd-ci/USD/pxr/usd/usd/stage.cpp -- In </World/envs/env_0/robot1/link3/visuals/link3/node_STL_BINARY_/mesh.material:binding>: The relationship target </Flattened_Prototype_9/camera/World/Looks/ID10> from </X5A/link3/visuals/link3/node_STL_BINARY_/mesh.material:binding> in layer @/root/rivermind-data/RoboDojo/Assets/Robots/x5/ARX.usd@ refers to a path outside the scope of the reference from </World/envs/env_0/robot1>.  Ignoring. (getting targets for relationship </World/envs/env_0/robot1/link3/visuals/link3/node_STL_BINARY_/mesh.material:binding> on stage @anon:0x7f29e2acc800:World9.usd@ <0x55bc70f2e5c0>)

[INFO]: Time taken for simulation start : 0.961776 seconds
[INFO]: Completed setting up the environment...
[INFO] Resetting all environments
[Eval] unhandled exception during reset/run_eval: FileNotFoundError: [Errno 2] No such file or directory: 'ffmpeg'
Traceback (most recent call last):
  File "/root/rivermind-data/RoboDojo/src/eval_client/main.py", line 360, in main
    env.run_eval()
  File "/root/rivermind-data/RoboDojo/src/eval_client/eval_env.py", line 783, in run_eval
    self.eval_one_episode()
  File "/root/rivermind-data/RoboDojo/src/eval_client/eval_env.py", line 310, in eval_one_episode
    eval_module.eval_one_episode(TASK_ENV=self, model_client=self.model_client)
  File "/root/rivermind-data/RoboDojo/XPolicyLab/policy/demo_policy/deploy.py", line 6, in eval_one_episode
    obs = TASK_ENV.get_obs() # Get Observation
          ^^^^^^^^^^^^^^^^^^
  File "/root/rivermind-data/RoboDojo/src/eval_client/eval_env.py", line 267, in get_obs
    return self.get_obs_batch(env_idx_list=[0])[0]
           ^^^^^^^^^^^^^^^^^^^^^^^^^^^^^^^^^^^^
  File "/root/rivermind-data/RoboDojo/src/eval_client/eval_env.py", line 281, in get_obs_batch
    self._stream_vision(env_idx, data[env_idx])
  File "/root/rivermind-data/RoboDojo/src/eval_client/eval_env.py", line 894, in _stream_vision
    writers[cam_key] = VideoStreamWriter(tmp_path, height, width, channels, fps=fps)
                       ^^^^^^^^^^^^^^^^^^^^^^^^^^^^^^^^^^^^^^^^^^^^^^^^^^^^^^^^^^^^^
  File "/root/rivermind-data/RoboDojo/utils/save_file.py", line 55, in __init__
    self.proc = subprocess.Popen(
                ^^^^^^^^^^^^^^^^^
  File "/opt/conda/envs/isaaclab/lib/python3.11/subprocess.py", line 1026, in __init__
    self._execute_child(args, executable, preexec_fn, close_fds,
  File "/opt/conda/envs/isaaclab/lib/python3.11/subprocess.py", line 1955, in _execute_child
    raise child_exception_type(errno_num, err_msg, err_filename)
FileNotFoundError: [Errno 2] No such file or directory: 'ffmpeg'
Success nums: 0, Fail nums: 0, Unstable nums: 0
[INFO]: Parsing configuration from: env.environment.isaac.isaac_rl_env:IsaacRLEnvCfg

[36m======================================================================================[0m
[36m[1m[INFO][IsaacLab]: Logging to file: /tmp/isaaclab/logs/isaaclab_2026-10-08_21-18-44.log[0m
[36m======================================================================================[0m

[33m21:18:44 [simulation_context.py] WARNING: The `enable_external_forces_every_iteration` parameter in the PhysxCfg is set to False. If you are experiencing noisy velocities, consider enabling this flag. You may need to slightly increase the number of velocity iterations (setting it to 1 or 2 rather than 0), together with this flag, to improve the accuracy of velocity updates.[0m
[INFO]: Base environment:
	Environment device    : cpu
	Environment seed      : 10
	Physics step-size     : 0.004
	Rendering step-size   : 0.04
	Environment step-size : 0.004
2026-10-08T13:18:44Z [294,551ms] [Warning] [isaacsim.sensors.camera.camera] 'verticalAperture' (1.5290800094604493) and 'horizontalAperture' (2.0954999923706055) are inconsistent with the pixel resolution aspect ratio (1.3333333333333333). Setting 'verticalAperture' to 1.571624994277954 to ensure square pixels.
2026-10-08T13:18:44Z [294,562ms] [Warning] [isaacsim.sensors.camera.camera] 'verticalAperture' (1.5290800094604493) and 'horizontalAperture' (2.0954999923706055) are inconsistent with the pixel resolution aspect ratio (1.3333333333333333). Setting 'verticalAperture' to 1.571624994277954 to ensure square pixels.
2026-10-08T13:18:44Z [294,573ms] [Warning] [isaacsim.sensors.camera.camera] 'verticalAperture' (1.5290800094604493) and 'horizontalAperture' (2.0954999923706055) are inconsistent with the pixel resolution aspect ratio (1.3333333333333333). Setting 'verticalAperture' to 1.571624994277954 to ensure square pixels.
[INFO]: Time taken for scene creation : 0.381164 seconds
[INFO]: Scene manager:  <class InteractiveScene>
	Number of environments: 1
	Environment spacing   : 7
	Source prim name      : /World/envs/env_0
	Global prim paths     : []
	Replicate physics     : False
[INFO]: Starting the simulation. This may take a few seconds. Please wait...
2026-10-08T13:18:44Z [294,586ms] [Warning] [omni.usd] Warning: in _ReportErrors at line 3172 of /builds/omniverse/usd-ci/USD/pxr/usd/usd/stage.cpp -- In </World/envs/env_0/robot0/camera/visuals/camera/World/mesh.material:binding>: The relationship target </OmniKit_Viewport_LightRig/Looks/Ground_Material> from </X5A/camera/visuals/camera/World/mesh.material:binding> in layer @/root/rivermind-data/RoboDojo/Assets/Robots/x5/ARX.usd@ refers to a path outside the scope of the reference from </World/envs/env_0/robot0>.  Ignoring. (getting targets for relationship </World/envs/env_0/robot0/camera/visuals/camera/World/mesh.material:binding> on stage @anon:0x55bc428c0330:World10.usd@ <0x55bc70f2e5c0>)

2026-10-08T13:18:44Z [294,593ms] [Warning] [omni.usd] Warning: in _ReportErrors at line 3172 of /builds/omniverse/usd-ci/USD/pxr/usd/usd/stage.cpp -- In </World/envs/env_0/robot1/camera/visuals/camera/World/mesh.material:binding>: The relationship target </OmniKit_Viewport_LightRig/Looks/Ground_Material> from </X5A/camera/visuals/camera/World/mesh.material:binding> in layer @/root/rivermind-data/RoboDojo/Assets/Robots/x5/ARX.usd@ refers to a path outside the scope of the reference from </World/envs/env_0/robot1>.  Ignoring. (getting targets for relationship </World/envs/env_0/robot1/camera/visuals/camera/World/mesh.material:binding> on stage @anon:0x55bc428c0330:World10.usd@ <0x55bc70f2e5c0>)

2026-10-08T13:18:45Z [295,434ms] [Warning] [omni.usd] Warning: in _ReportErrors at line 3172 of /builds/omniverse/usd-ci/USD/pxr/usd/usd/stage.cpp -- In </World/envs/env_0/robot0/camera/visuals/camera/World/mesh.material:binding>: The relationship target </OmniKit_Viewport_LightRig/Looks/Ground_Material> from </X5A/camera/visuals/camera/World/mesh.material:binding> in layer @/root/rivermind-data/RoboDojo/Assets/Robots/x5/ARX.usd@ refers to a path outside the scope of the reference from </World/envs/env_0/robot0>.  Ignoring. (getting targets for relationship </World/envs/env_0/robot0/camera/visuals/camera/World/mesh.material:binding> on stage @anon:0x55bc428c0330:World10.usd@ <0x55bc70f2e5c0>)

2026-10-08T13:18:45Z [295,434ms] [Warning] [omni.usd] Warning: in _ReportErrors at line 3172 of /builds/omniverse/usd-ci/USD/pxr/usd/usd/stage.cpp -- In </World/envs/env_0/robot1/camera/visuals/camera/World/mesh.material:binding>: The relationship target </OmniKit_Viewport_LightRig/Looks/Ground_Material> from </X5A/camera/visuals/camera/World/mesh.material:binding> in layer @/root/rivermind-data/RoboDojo/Assets/Robots/x5/ARX.usd@ refers to a path outside the scope of the reference from </World/envs/env_0/robot1>.  Ignoring. (getting targets for relationship </World/envs/env_0/robot1/camera/visuals/camera/World/mesh.material:binding> on stage @anon:0x55bc428c0330:World10.usd@ <0x55bc70f2e5c0>)

2026-10-08T13:18:45Z [295,438ms] [Warning] [omni.usd] Warning (secondary thread): in _ReportErrors at line 3172 of /builds/omniverse/usd-ci/USD/pxr/usd/usd/stage.cpp -- In </World/envs/env_0/robot1/camera/visuals/camera/World/mesh.material:binding>: The relationship target </OmniKit_Viewport_LightRig/Looks/Ground_Material> from </X5A/camera/visuals/camera/World/mesh.material:binding> in layer @/root/rivermind-data/RoboDojo/Assets/Robots/x5/ARX.usd@ refers to a path outside the scope of the reference from </World/envs/env_0/robot1>.  Ignoring. (getting targets for relationship </World/envs/env_0/robot1/camera/visuals/camera/World/mesh.material:binding> on stage @anon:0x55bc428c0330:World10.usd@ <0x55bc70f2e5c0>)

2026-10-08T13:18:45Z [295,439ms] [Warning] [omni.usd] Warning (secondary thread): in _ReportErrors at line 3172 of /builds/omniverse/usd-ci/USD/pxr/usd/usd/stage.cpp -- In </World/envs/env_0/robot0/camera/visuals/camera/World/mesh.material:binding>: The relationship target </OmniKit_Viewport_LightRig/Looks/Ground_Material> from </X5A/camera/visuals/camera/World/mesh.material:binding> in layer @/root/rivermind-data/RoboDojo/Assets/Robots/x5/ARX.usd@ refers to a path outside the scope of the reference from </World/envs/env_0/robot0>.  Ignoring. (getting targets for relationship </World/envs/env_0/robot0/camera/visuals/camera/World/mesh.material:binding> on stage @anon:0x55bc428c0330:World10.usd@ <0x55bc70f2e5c0>)

2026-10-08T13:18:45Z [295,439ms] [Warning] [omni.usd] Warning (secondary thread): in _ReportErrors at line 3172 of /builds/omniverse/usd-ci/USD/pxr/usd/usd/stage.cpp -- In </World/envs/env_0/robot0/link3/visuals/link3/node_STL_BINARY_/mesh.material:binding>: The relationship target </Flattened_Prototype_9/camera/World/Looks/ID10> from </X5A/link3/visuals/link3/node_STL_BINARY_/mesh.material:binding> in layer @/root/rivermind-data/RoboDojo/Assets/Robots/x5/ARX.usd@ refers to a path outside the scope of the reference from </World/envs/env_0/robot0>.  Ignoring. (getting targets for relationship </World/envs/env_0/robot0/link3/visuals/link3/node_STL_BINARY_/mesh.material:binding> on stage @anon:0x55bc428c0330:World10.usd@ <0x55bc70f2e5c0>)

2026-10-08T13:18:45Z [295,440ms] [Warning] [omni.usd] Warning (secondary thread): in _ReportErrors at line 3172 of /builds/omniverse/usd-ci/USD/pxr/usd/usd/stage.cpp -- In </World/envs/env_0/robot1/link3/visuals/link3/node_STL_BINARY_/mesh.material:binding>: The relationship target </Flattened_Prototype_9/camera/World/Looks/ID10> from </X5A/link3/visuals/link3/node_STL_BINARY_/mesh.material:binding> in layer @/root/rivermind-data/RoboDojo/Assets/Robots/x5/ARX.usd@ refers to a path outside the scope of the reference from </World/envs/env_0/robot1>.  Ignoring. (getting targets for relationship </World/envs/env_0/robot1/link3/visuals/link3/node_STL_BINARY_/mesh.material:binding> on stage @anon:0x55bc428c0330:World10.usd@ <0x55bc70f2e5c0>)

[INFO]: Time taken for simulation start : 0.935772 seconds
[INFO]: Completed setting up the environment...
[INFO] Resetting all environments
[Eval] unhandled exception during reset/run_eval: FileNotFoundError: [Errno 2] No such file or directory: 'ffmpeg'
Traceback (most recent call last):
  File "/root/rivermind-data/RoboDojo/src/eval_client/main.py", line 360, in main
    env.run_eval()
  File "/root/rivermind-data/RoboDojo/src/eval_client/eval_env.py", line 783, in run_eval
    self.eval_one_episode()
  File "/root/rivermind-data/RoboDojo/src/eval_client/eval_env.py", line 310, in eval_one_episode
    eval_module.eval_one_episode(TASK_ENV=self, model_client=self.model_client)
  File "/root/rivermind-data/RoboDojo/XPolicyLab/policy/demo_policy/deploy.py", line 6, in eval_one_episode
    obs = TASK_ENV.get_obs() # Get Observation
          ^^^^^^^^^^^^^^^^^^
  File "/root/rivermind-data/RoboDojo/src/eval_client/eval_env.py", line 267, in get_obs
    return self.get_obs_batch(env_idx_list=[0])[0]
           ^^^^^^^^^^^^^^^^^^^^^^^^^^^^^^^^^^^^
  File "/root/rivermind-data/RoboDojo/src/eval_client/eval_env.py", line 281, in get_obs_batch
    self._stream_vision(env_idx, data[env_idx])
  File "/root/rivermind-data/RoboDojo/src/eval_client/eval_env.py", line 894, in _stream_vision
    writers[cam_key] = VideoStreamWriter(tmp_path, height, width, channels, fps=fps)
                       ^^^^^^^^^^^^^^^^^^^^^^^^^^^^^^^^^^^^^^^^^^^^^^^^^^^^^^^^^^^^^
  File "/root/rivermind-data/RoboDojo/utils/save_file.py", line 55, in __init__
    self.proc = subprocess.Popen(
                ^^^^^^^^^^^^^^^^^
  File "/opt/conda/envs/isaaclab/lib/python3.11/subprocess.py", line 1026, in __init__
    self._execute_child(args, executable, preexec_fn, close_fds,
  File "/opt/conda/envs/isaaclab/lib/python3.11/subprocess.py", line 1955, in _execute_child
    raise child_exception_type(errno_num, err_msg, err_filename)
FileNotFoundError: [Errno 2] No such file or directory: 'ffmpeg'
Success nums: 0, Fail nums: 0, Unstable nums: 0
[INFO]: Parsing configuration from: env.environment.isaac.isaac_rl_env:IsaacRLEnvCfg

[36m======================================================================================[0m
[36m[1m[INFO][IsaacLab]: Logging to file: /tmp/isaaclab/logs/isaaclab_2026-10-08_21-18-59.log[0m
[36m======================================================================================[0m

[33m21:18:59 [simulation_context.py] WARNING: The `enable_external_forces_every_iteration` parameter in the PhysxCfg is set to False. If you are experiencing noisy velocities, consider enabling this flag. You may need to slightly increase the number of velocity iterations (setting it to 1 or 2 rather than 0), together with this flag, to improve the accuracy of velocity updates.[0m
[INFO]: Base environment:
	Environment device    : cpu
	Environment seed      : 11
	Physics step-size     : 0.004
	Rendering step-size   : 0.04
	Environment step-size : 0.004
2026-10-08T13:18:59Z [309,388ms] [Warning] [isaacsim.sensors.camera.camera] 'verticalAperture' (1.5290800094604493) and 'horizontalAperture' (2.0954999923706055) are inconsistent with the pixel resolution aspect ratio (1.3333333333333333). Setting 'verticalAperture' to 1.571624994277954 to ensure square pixels.
2026-10-08T13:18:59Z [309,399ms] [Warning] [isaacsim.sensors.camera.camera] 'verticalAperture' (1.5290800094604493) and 'horizontalAperture' (2.0954999923706055) are inconsistent with the pixel resolution aspect ratio (1.3333333333333333). Setting 'verticalAperture' to 1.571624994277954 to ensure square pixels.
2026-10-08T13:18:59Z [309,410ms] [Warning] [isaacsim.sensors.camera.camera] 'verticalAperture' (1.5290800094604493) and 'horizontalAperture' (2.0954999923706055) are inconsistent with the pixel resolution aspect ratio (1.3333333333333333). Setting 'verticalAperture' to 1.571624994277954 to ensure square pixels.
[INFO]: Time taken for scene creation : 0.380799 seconds
[INFO]: Scene manager:  <class InteractiveScene>
	Number of environments: 1
	Environment spacing   : 7
	Source prim name      : /World/envs/env_0
	Global prim paths     : []
	Replicate physics     : False
[INFO]: Starting the simulation. This may take a few seconds. Please wait...
2026-10-08T13:18:59Z [309,421ms] [Warning] [omni.usd] Warning: in _ReportErrors at line 3172 of /builds/omniverse/usd-ci/USD/pxr/usd/usd/stage.cpp -- In </World/envs/env_0/robot0/camera/visuals/camera/World/mesh.material:binding>: The relationship target </OmniKit_Viewport_LightRig/Looks/Ground_Material> from </X5A/camera/visuals/camera/World/mesh.material:binding> in layer @/root/rivermind-data/RoboDojo/Assets/Robots/x5/ARX.usd@ refers to a path outside the scope of the reference from </World/envs/env_0/robot0>.  Ignoring. (getting targets for relationship </World/envs/env_0/robot0/camera/visuals/camera/World/mesh.material:binding> on stage @anon:0x55bc71a88430:World11.usd@ <0x55bc70f2e5c0>)

2026-10-08T13:18:59Z [309,426ms] [Warning] [omni.usd] Warning: in _ReportErrors at line 3172 of /builds/omniverse/usd-ci/USD/pxr/usd/usd/stage.cpp -- In </World/envs/env_0/robot1/camera/visuals/camera/World/mesh.material:binding>: The relationship target </OmniKit_Viewport_LightRig/Looks/Ground_Material> from </X5A/camera/visuals/camera/World/mesh.material:binding> in layer @/root/rivermind-data/RoboDojo/Assets/Robots/x5/ARX.usd@ refers to a path outside the scope of the reference from </World/envs/env_0/robot1>.  Ignoring. (getting targets for relationship </World/envs/env_0/robot1/camera/visuals/camera/World/mesh.material:binding> on stage @anon:0x55bc71a88430:World11.usd@ <0x55bc70f2e5c0>)

2026-10-08T13:19:00Z [310,261ms] [Warning] [omni.usd] Warning: in _ReportErrors at line 3172 of /builds/omniverse/usd-ci/USD/pxr/usd/usd/stage.cpp -- In </World/envs/env_0/robot0/camera/visuals/camera/World/mesh.material:binding>: The relationship target </OmniKit_Viewport_LightRig/Looks/Ground_Material> from </X5A/camera/visuals/camera/World/mesh.material:binding> in layer @/root/rivermind-data/RoboDojo/Assets/Robots/x5/ARX.usd@ refers to a path outside the scope of the reference from </World/envs/env_0/robot0>.  Ignoring. (getting targets for relationship </World/envs/env_0/robot0/camera/visuals/camera/World/mesh.material:binding> on stage @anon:0x55bc71a88430:World11.usd@ <0x55bc70f2e5c0>)

2026-10-08T13:19:00Z [310,262ms] [Warning] [omni.usd] Warning: in _ReportErrors at line 3172 of /builds/omniverse/usd-ci/USD/pxr/usd/usd/stage.cpp -- In </World/envs/env_0/robot1/camera/visuals/camera/World/mesh.material:binding>: The relationship target </OmniKit_Viewport_LightRig/Looks/Ground_Material> from </X5A/camera/visuals/camera/World/mesh.material:binding> in layer @/root/rivermind-data/RoboDojo/Assets/Robots/x5/ARX.usd@ refers to a path outside the scope of the reference from </World/envs/env_0/robot1>.  Ignoring. (getting targets for relationship </World/envs/env_0/robot1/camera/visuals/camera/World/mesh.material:binding> on stage @anon:0x55bc71a88430:World11.usd@ <0x55bc70f2e5c0>)

2026-10-08T13:19:00Z [310,265ms] [Warning] [omni.usd] Warning (secondary thread): in _ReportErrors at line 3172 of /builds/omniverse/usd-ci/USD/pxr/usd/usd/stage.cpp -- In </World/envs/env_0/robot0/camera/visuals/camera/World/mesh.material:binding>: The relationship target </OmniKit_Viewport_LightRig/Looks/Ground_Material> from </X5A/camera/visuals/camera/World/mesh.material:binding> in layer @/root/rivermind-data/RoboDojo/Assets/Robots/x5/ARX.usd@ refers to a path outside the scope of the reference from </World/envs/env_0/robot0>.  Ignoring. (getting targets for relationship </World/envs/env_0/robot0/camera/visuals/camera/World/mesh.material:binding> on stage @anon:0x55bc71a88430:World11.usd@ <0x55bc70f2e5c0>)

2026-10-08T13:19:00Z [310,266ms] [Warning] [omni.usd] Warning (secondary thread): in _ReportErrors at line 3172 of /builds/omniverse/usd-ci/USD/pxr/usd/usd/stage.cpp -- In </World/envs/env_0/robot0/link3/visuals/link3/node_STL_BINARY_/mesh.material:binding>: The relationship target </Flattened_Prototype_9/camera/World/Looks/ID10> from </X5A/link3/visuals/link3/node_STL_BINARY_/mesh.material:binding> in layer @/root/rivermind-data/RoboDojo/Assets/Robots/x5/ARX.usd@ refers to a path outside the scope of the reference from </World/envs/env_0/robot0>.  Ignoring. (getting targets for relationship </World/envs/env_0/robot0/link3/visuals/link3/node_STL_BINARY_/mesh.material:binding> on stage @anon:0x55bc71a88430:World11.usd@ <0x55bc70f2e5c0>)

2026-10-08T13:19:00Z [310,266ms] [Warning] [omni.usd] Warning (secondary thread): in _ReportErrors at line 3172 of /builds/omniverse/usd-ci/USD/pxr/usd/usd/stage.cpp -- In </World/envs/env_0/robot1/camera/visuals/camera/World/mesh.material:binding>: The relationship target </OmniKit_Viewport_LightRig/Looks/Ground_Material> from </X5A/camera/visuals/camera/World/mesh.material:binding> in layer @/root/rivermind-data/RoboDojo/Assets/Robots/x5/ARX.usd@ refers to a path outside the scope of the reference from </World/envs/env_0/robot1>.  Ignoring. (getting targets for relationship </World/envs/env_0/robot1/camera/visuals/camera/World/mesh.material:binding> on stage @anon:0x55bc71a88430:World11.usd@ <0x55bc70f2e5c0>)

2026-10-08T13:19:00Z [310,267ms] [Warning] [omni.usd] Warning (secondary thread): in _ReportErrors at line 3172 of /builds/omniverse/usd-ci/USD/pxr/usd/usd/stage.cpp -- In </World/envs/env_0/robot1/link3/visuals/link3/node_STL_BINARY_/mesh.material:binding>: The relationship target </Flattened_Prototype_9/camera/World/Looks/ID10> from </X5A/link3/visuals/link3/node_STL_BINARY_/mesh.material:binding> in layer @/root/rivermind-data/RoboDojo/Assets/Robots/x5/ARX.usd@ refers to a path outside the scope of the reference from </World/envs/env_0/robot1>.  Ignoring. (getting targets for relationship </World/envs/env_0/robot1/link3/visuals/link3/node_STL_BINARY_/mesh.material:binding> on stage @anon:0x55bc71a88430:World11.usd@ <0x55bc70f2e5c0>)

[INFO]: Time taken for simulation start : 0.926281 seconds
[INFO]: Completed setting up the environment...
[INFO] Resetting all environments
[Eval] unhandled exception during reset/run_eval: FileNotFoundError: [Errno 2] No such file or directory: 'ffmpeg'
Traceback (most recent call last):
  File "/root/rivermind-data/RoboDojo/src/eval_client/main.py", line 360, in main
    env.run_eval()
  File "/root/rivermind-data/RoboDojo/src/eval_client/eval_env.py", line 783, in run_eval
    self.eval_one_episode()
  File "/root/rivermind-data/RoboDojo/src/eval_client/eval_env.py", line 310, in eval_one_episode
    eval_module.eval_one_episode(TASK_ENV=self, model_client=self.model_client)
  File "/root/rivermind-data/RoboDojo/XPolicyLab/policy/demo_policy/deploy.py", line 6, in eval_one_episode
    obs = TASK_ENV.get_obs() # Get Observation
          ^^^^^^^^^^^^^^^^^^
  File "/root/rivermind-data/RoboDojo/src/eval_client/eval_env.py", line 267, in get_obs
    return self.get_obs_batch(env_idx_list=[0])[0]
           ^^^^^^^^^^^^^^^^^^^^^^^^^^^^^^^^^^^^
  File "/root/rivermind-data/RoboDojo/src/eval_client/eval_env.py", line 281, in get_obs_batch
    self._stream_vision(env_idx, data[env_idx])
  File "/root/rivermind-data/RoboDojo/src/eval_client/eval_env.py", line 894, in _stream_vision
    writers[cam_key] = VideoStreamWriter(tmp_path, height, width, channels, fps=fps)
                       ^^^^^^^^^^^^^^^^^^^^^^^^^^^^^^^^^^^^^^^^^^^^^^^^^^^^^^^^^^^^^
  File "/root/rivermind-data/RoboDojo/utils/save_file.py", line 55, in __init__
    self.proc = subprocess.Popen(
                ^^^^^^^^^^^^^^^^^
  File "/opt/conda/envs/isaaclab/lib/python3.11/subprocess.py", line 1026, in __init__
    self._execute_child(args, executable, preexec_fn, close_fds,
  File "/opt/conda/envs/isaaclab/lib/python3.11/subprocess.py", line 1955, in _execute_child
    raise child_exception_type(errno_num, err_msg, err_filename)
FileNotFoundError: [Errno 2] No such file or directory: 'ffmpeg'
Success nums: 0, Fail nums: 0, Unstable nums: 0
[INFO]: Parsing configuration from: env.environment.isaac.isaac_rl_env:IsaacRLEnvCfg

[36m======================================================================================[0m
[36m[1m[INFO][IsaacLab]: Logging to file: /tmp/isaaclab/logs/isaaclab_2026-10-08_21-19-14.log[0m
[36m======================================================================================[0m

[33m21:19:14 [simulation_context.py] WARNING: The `enable_external_forces_every_iteration` parameter in the PhysxCfg is set to False. If you are experiencing noisy velocities, consider enabling this flag. You may need to slightly increase the number of velocity iterations (setting it to 1 or 2 rather than 0), together with this flag, to improve the accuracy of velocity updates.[0m
[INFO]: Base environment:
	Environment device    : cpu
	Environment seed      : 12
	Physics step-size     : 0.004
	Rendering step-size   : 0.04
	Environment step-size : 0.004
2026-10-08T13:19:14Z [324,511ms] [Warning] [isaacsim.sensors.camera.camera] 'verticalAperture' (1.5290800094604493) and 'horizontalAperture' (2.0954999923706055) are inconsistent with the pixel resolution aspect ratio (1.3333333333333333). Setting 'verticalAperture' to 1.571624994277954 to ensure square pixels.
2026-10-08T13:19:14Z [324,522ms] [Warning] [isaacsim.sensors.camera.camera] 'verticalAperture' (1.5290800094604493) and 'horizontalAperture' (2.0954999923706055) are inconsistent with the pixel resolution aspect ratio (1.3333333333333333). Setting 'verticalAperture' to 1.571624994277954 to ensure square pixels.
2026-10-08T13:19:14Z [324,533ms] [Warning] [isaacsim.sensors.camera.camera] 'verticalAperture' (1.5290800094604493) and 'horizontalAperture' (2.0954999923706055) are inconsistent with the pixel resolution aspect ratio (1.3333333333333333). Setting 'verticalAperture' to 1.571624994277954 to ensure square pixels.
[INFO]: Time taken for scene creation : 0.382360 seconds
[INFO]: Scene manager:  <class InteractiveScene>
	Number of environments: 1
	Environment spacing   : 7
	Source prim name      : /World/envs/env_0
	Global prim paths     : []
	Replicate physics     : False
[INFO]: Starting the simulation. This may take a few seconds. Please wait...
2026-10-08T13:19:14Z [324,544ms] [Warning] [omni.usd] Warning: in _ReportErrors at line 3172 of /builds/omniverse/usd-ci/USD/pxr/usd/usd/stage.cpp -- In </World/envs/env_0/robot0/camera/visuals/camera/World/mesh.material:binding>: The relationship target </OmniKit_Viewport_LightRig/Looks/Ground_Material> from </X5A/camera/visuals/camera/World/mesh.material:binding> in layer @/root/rivermind-data/RoboDojo/Assets/Robots/x5/ARX.usd@ refers to a path outside the scope of the reference from </World/envs/env_0/robot0>.  Ignoring. (getting targets for relationship </World/envs/env_0/robot0/camera/visuals/camera/World/mesh.material:binding> on stage @anon:0x7f29de697900:World12.usd@ <0x55bc70f2e5c0>)

2026-10-08T13:19:14Z [324,549ms] [Warning] [omni.usd] Warning: in _ReportErrors at line 3172 of /builds/omniverse/usd-ci/USD/pxr/usd/usd/stage.cpp -- In </World/envs/env_0/robot1/camera/visuals/camera/World/mesh.material:binding>: The relationship target </OmniKit_Viewport_LightRig/Looks/Ground_Material> from </X5A/camera/visuals/camera/World/mesh.material:binding> in layer @/root/rivermind-data/RoboDojo/Assets/Robots/x5/ARX.usd@ refers to a path outside the scope of the reference from </World/envs/env_0/robot1>.  Ignoring. (getting targets for relationship </World/envs/env_0/robot1/camera/visuals/camera/World/mesh.material:binding> on stage @anon:0x7f29de697900:World12.usd@ <0x55bc70f2e5c0>)

2026-10-08T13:19:15Z [325,387ms] [Warning] [omni.usd] Warning: in _ReportErrors at line 3172 of /builds/omniverse/usd-ci/USD/pxr/usd/usd/stage.cpp -- In </World/envs/env_0/robot0/camera/visuals/camera/World/mesh.material:binding>: The relationship target </OmniKit_Viewport_LightRig/Looks/Ground_Material> from </X5A/camera/visuals/camera/World/mesh.material:binding> in layer @/root/rivermind-data/RoboDojo/Assets/Robots/x5/ARX.usd@ refers to a path outside the scope of the reference from </World/envs/env_0/robot0>.  Ignoring. (getting targets for relationship </World/envs/env_0/robot0/camera/visuals/camera/World/mesh.material:binding> on stage @anon:0x7f29de697900:World12.usd@ <0x55bc70f2e5c0>)

2026-10-08T13:19:15Z [325,388ms] [Warning] [omni.usd] Warning: in _ReportErrors at line 3172 of /builds/omniverse/usd-ci/USD/pxr/usd/usd/stage.cpp -- In </World/envs/env_0/robot1/camera/visuals/camera/World/mesh.material:binding>: The relationship target </OmniKit_Viewport_LightRig/Looks/Ground_Material> from </X5A/camera/visuals/camera/World/mesh.material:binding> in layer @/root/rivermind-data/RoboDojo/Assets/Robots/x5/ARX.usd@ refers to a path outside the scope of the reference from </World/envs/env_0/robot1>.  Ignoring. (getting targets for relationship </World/envs/env_0/robot1/camera/visuals/camera/World/mesh.material:binding> on stage @anon:0x7f29de697900:World12.usd@ <0x55bc70f2e5c0>)

2026-10-08T13:19:15Z [325,391ms] [Warning] [omni.usd] Warning (secondary thread): in _ReportErrors at line 3172 of /builds/omniverse/usd-ci/USD/pxr/usd/usd/stage.cpp -- In </World/envs/env_0/robot0/link3/visuals/link3/node_STL_BINARY_/mesh.material:binding>: The relationship target </Flattened_Prototype_9/camera/World/Looks/ID10> from </X5A/link3/visuals/link3/node_STL_BINARY_/mesh.material:binding> in layer @/root/rivermind-data/RoboDojo/Assets/Robots/x5/ARX.usd@ refers to a path outside the scope of the reference from </World/envs/env_0/robot0>.  Ignoring. (getting targets for relationship </World/envs/env_0/robot0/link3/visuals/link3/node_STL_BINARY_/mesh.material:binding> on stage @anon:0x7f29de697900:World12.usd@ <0x55bc70f2e5c0>)

2026-10-08T13:19:15Z [325,391ms] [Warning] [omni.usd] Warning (secondary thread): in _ReportErrors at line 3172 of /builds/omniverse/usd-ci/USD/pxr/usd/usd/stage.cpp -- In </World/envs/env_0/robot1/camera/visuals/camera/World/mesh.material:binding>: The relationship target </OmniKit_Viewport_LightRig/Looks/Ground_Material> from </X5A/camera/visuals/camera/World/mesh.material:binding> in layer @/root/rivermind-data/RoboDojo/Assets/Robots/x5/ARX.usd@ refers to a path outside the scope of the reference from </World/envs/env_0/robot1>.  Ignoring. (getting targets for relationship </World/envs/env_0/robot1/camera/visuals/camera/World/mesh.material:binding> on stage @anon:0x7f29de697900:World12.usd@ <0x55bc70f2e5c0>)

2026-10-08T13:19:15Z [325,391ms] [Warning] [omni.usd] Warning (secondary thread): in _ReportErrors at line 3172 of /builds/omniverse/usd-ci/USD/pxr/usd/usd/stage.cpp -- In </World/envs/env_0/robot0/camera/visuals/camera/World/mesh.material:binding>: The relationship target </OmniKit_Viewport_LightRig/Looks/Ground_Material> from </X5A/camera/visuals/camera/World/mesh.material:binding> in layer @/root/rivermind-data/RoboDojo/Assets/Robots/x5/ARX.usd@ refers to a path outside the scope of the reference from </World/envs/env_0/robot0>.  Ignoring. (getting targets for relationship </World/envs/env_0/robot0/camera/visuals/camera/World/mesh.material:binding> on stage @anon:0x7f29de697900:World12.usd@ <0x55bc70f2e5c0>)

2026-10-08T13:19:15Z [325,392ms] [Warning] [omni.usd] Warning (secondary thread): in _ReportErrors at line 3172 of /builds/omniverse/usd-ci/USD/pxr/usd/usd/stage.cpp -- In </World/envs/env_0/robot1/link3/visuals/link3/node_STL_BINARY_/mesh.material:binding>: The relationship target </Flattened_Prototype_9/camera/World/Looks/ID10> from </X5A/link3/visuals/link3/node_STL_BINARY_/mesh.material:binding> in layer @/root/rivermind-data/RoboDojo/Assets/Robots/x5/ARX.usd@ refers to a path outside the scope of the reference from </World/envs/env_0/robot1>.  Ignoring. (getting targets for relationship </World/envs/env_0/robot1/link3/visuals/link3/node_STL_BINARY_/mesh.material:binding> on stage @anon:0x7f29de697900:World12.usd@ <0x55bc70f2e5c0>)

[INFO]: Time taken for simulation start : 0.933326 seconds
[INFO]: Completed setting up the environment...
[INFO] Resetting all environments
[Eval] unhandled exception during reset/run_eval: FileNotFoundError: [Errno 2] No such file or directory: 'ffmpeg'
Traceback (most recent call last):
  File "/root/rivermind-data/RoboDojo/src/eval_client/main.py", line 360, in main
    env.run_eval()
  File "/root/rivermind-data/RoboDojo/src/eval_client/eval_env.py", line 783, in run_eval
    self.eval_one_episode()
  File "/root/rivermind-data/RoboDojo/src/eval_client/eval_env.py", line 310, in eval_one_episode
    eval_module.eval_one_episode(TASK_ENV=self, model_client=self.model_client)
  File "/root/rivermind-data/RoboDojo/XPolicyLab/policy/demo_policy/deploy.py", line 6, in eval_one_episode
    obs = TASK_ENV.get_obs() # Get Observation
          ^^^^^^^^^^^^^^^^^^
  File "/root/rivermind-data/RoboDojo/src/eval_client/eval_env.py", line 267, in get_obs
    return self.get_obs_batch(env_idx_list=[0])[0]
           ^^^^^^^^^^^^^^^^^^^^^^^^^^^^^^^^^^^^
  File "/root/rivermind-data/RoboDojo/src/eval_client/eval_env.py", line 281, in get_obs_batch
    self._stream_vision(env_idx, data[env_idx])
  File "/root/rivermind-data/RoboDojo/src/eval_client/eval_env.py", line 894, in _stream_vision
    writers[cam_key] = VideoStreamWriter(tmp_path, height, width, channels, fps=fps)
                       ^^^^^^^^^^^^^^^^^^^^^^^^^^^^^^^^^^^^^^^^^^^^^^^^^^^^^^^^^^^^^
  File "/root/rivermind-data/RoboDojo/utils/save_file.py", line 55, in __init__
    self.proc = subprocess.Popen(
                ^^^^^^^^^^^^^^^^^
  File "/opt/conda/envs/isaaclab/lib/python3.11/subprocess.py", line 1026, in __init__
    self._execute_child(args, executable, preexec_fn, close_fds,
  File "/opt/conda/envs/isaaclab/lib/python3.11/subprocess.py", line 1955, in _execute_child
    raise child_exception_type(errno_num, err_msg, err_filename)
FileNotFoundError: [Errno 2] No such file or directory: 'ffmpeg'
Success nums: 0, Fail nums: 0, Unstable nums: 0
